sub_id,from,to,response,rt
1,12,10,3,9558
1,10,3,7,5746
1,9,13,2,8018
1,9,1,2,4342
1,5,8,6,3533
1,3,13,4,8409
1,11,13,10,4801
1,4,9,10,3228
1,7,8,6,4163
1,10,1,6,5420
1,7,6,3,4681
1,8,4,7,10085
1,12,2,8,6307
1,10,12,3,6838
1,12,9,9,4261
1,7,13,10,5152
1,3,9,10,2803
1,4,6,1,3365
1,12,1,7,3458
1,11,3,6,8273
1,5,9,9,7222
1,9,11,3,4690
1,2,4,10,4129
1,6,3,9,9676
1,2,1,8,3854
1,4,11,3,8848
1,6,12,1,4267
1,2,13,2,4350
1,8,1,3,5235
1,12,7,7,7529
1,3,8,3,9833
1,3,12,8,3151
1,2,3,9,2852
1,7,1,3,5168
1,3,6,1,3938
1,8,3,7,4559
1,7,12,6,5292
1,6,13,3,8081
1,5,6,4,4824
1,2,8,1,3471
1,1,11,6,3076
1,9,5,9,2972
1,11,4,3,7526
1,12,5,7,2627
1,10,8,4,3313
1,4,1,8,3504
1,8,7,2,7007
1,8,6,3,8628
1,2,12,5,7851
1,12,4,7,8164
1,5,12,3,3807
1,5,13,2,3877
1,8,9,8,10875
1,10,5,10,5415
1,2,7,3,4654
1,12,8,8,7769
1,9,4,10,8158
1,6,9,1,3560
1,5,10,7,3901
1,4,8,1,8989
1,6,8,2,5169
1,7,9,3,7304
1,11,6,8,6669
1,5,2,9,2592
1,11,8,7,3918
1,1,8,2,3653
1,11,9,7,6957
1,2,6,3,3024
1,8,10,5,3312
1,6,7,4,2586
1,7,11,4,3663
1,13,10,8,2916
1,5,1,9,2603
1,13,9,7,3615
1,11,12,9,2569
1,13,3,9,6232
1,1,9,2,3852
1,11,5,4,3141
1,7,3,3,5161
1,6,1,4,6664
1,8,11,8,3180
1,13,12,10,2809
1,13,4,9,3732
1,9,10,7,7973
1,4,3,7,4898
1,11,1,9,3795
1,1,2,10,4296
1,9,8,2,4629
1,9,12,6,4055
1,13,1,8,2839
1,1,4,9,2680
1,9,3,10,3894
1,6,5,3,4113
1,9,2,8,4673
1,4,10,6,3920
1,1,13,4,3451
1,1,7,2,3695
1,10,11,7,2410
1,6,11,3,3321
1,9,6,1,4806
1,1,12,2,3978
1,13,2,2,5630
1,3,10,7,3447
1,12,13,10,3090
1,10,9,3,4218
1,4,13,4,3265
1,13,7,1,3493
1,4,12,3,4389
1,1,10,5,3564
1,1,6,2,4068
1,10,2,7,2713
1,3,5,8,2512
1,7,2,3,3195
1,8,12,6,3213
1,10,7,4,5753
1,2,11,7,6617
1,13,8,3,2859
1,7,5,8,3862
1,8,2,2,3816
1,3,4,10,3817
1,10,6,4,4328
1,3,2,8,3739
1,10,13,2,6781
1,13,5,5,4226
1,11,2,3,7431
1,13,11,9,3048
1,3,11,8,2596
1,5,3,6,3485
1,12,11,10,2394
1,2,9,6,8290
1,1,5,8,2463
1,5,4,9,3194
1,4,2,10,3352
1,3,7,7,3616
1,5,7,8,4983
1,6,10,4,3603
1,6,4,3,3765
1,5,11,7,3714
1,11,7,6,3564
1,8,13,8,2949
1,2,10,2,3023
1,3,1,1,3388
1,4,7,7,5553
1,12,3,7,3565
1,10,4,4,3828
1,11,10,6,6246
1,7,10,7,8897
1,8,5,1,4223
1,1,3,4,4153
1,6,2,2,2822
1,2,5,7,2697
1,7,4,7,7076
1,4,5,9,3318
1,12,6,6,2975
1,13,6,3,3356
1,9,7,8,2494
3,2,9,10,21227
3,13,10,3,9779
3,2,1,10,3572
3,6,1,10,3596
3,12,7,10,3270
3,6,3,5,7222
3,11,7,10,4217
3,11,8,10,3297
3,4,8,10,5148
3,12,13,10,6508
3,11,10,2,3346
3,4,5,3,3777
3,8,7,8,4960
3,5,4,7,3459
3,2,4,10,2511
3,12,5,3,3859
3,12,4,2,7093
3,3,5,3,3588
3,9,6,7,2603
3,8,12,8,3343
3,7,1,9,2715
3,13,11,3,3214
3,1,8,9,4189
3,10,2,2,5448
3,11,4,2,3563
3,2,5,3,2684
3,11,1,3,3624
3,3,7,2,3048
3,8,2,9,4332
3,7,5,3,6579
3,2,8,9,4282
3,10,7,1,2803
3,5,1,2,3271
3,5,11,2,9911
3,10,12,2,3917
3,8,5,2,7424
3,7,9,7,4491
3,1,2,10,2319
3,1,9,3,3485
3,4,10,1,2571
3,4,9,2,2748
3,1,6,4,3620
3,5,13,1,2735
3,10,8,2,2957
3,7,6,2,3153
3,5,6,2,3836
3,9,1,2,3445
3,7,2,7,3503
3,9,2,3,2773
3,2,3,10,5103
3,10,3,3,2439
3,11,2,3,2752
3,6,12,2,2697
3,8,11,8,2698
3,3,4,10,3577
3,1,13,3,3511
3,11,12,3,2069
3,9,10,3,4632
3,8,10,3,2368
3,10,9,8,2955
3,7,11,10,3231
3,9,7,4,2500
3,1,11,3,2682
3,11,3,3,2537
3,2,11,4,4144
3,7,8,3,3218
3,3,10,3,2398
3,6,11,3,2840
3,1,4,10,3018
3,6,2,4,2400
3,10,4,3,3426
3,2,12,3,3019
3,9,3,1,7117
3,5,10,3,3135
3,12,8,2,2838
3,12,2,2,2745
3,6,7,2,3506
3,12,1,3,2378
3,8,3,8,3297
3,3,1,4,2277
3,8,1,9,4821
3,3,9,8,4385
3,1,3,3,2551
3,10,6,2,2668
3,5,8,2,2841
3,6,4,2,3402
3,11,6,9,2514
3,4,1,3,3390
3,2,10,1,3762
3,9,13,3,2209
3,7,13,3,2523
3,9,12,3,2963
3,1,5,1,2741
3,6,8,7,2503
3,3,13,3,3812
3,4,12,3,2235
3,8,13,3,2582
3,6,9,7,3610
3,2,6,7,2993
3,13,4,7,3433
3,2,13,7,3565
3,3,12,3,2259
3,12,11,3,4973
3,12,9,3,2997
3,7,12,2,3111
3,9,11,2,2885
3,9,5,2,2629
3,10,13,3,2904
3,10,11,3,2579
3,1,7,3,4831
3,6,5,3,2409
3,13,9,3,3044
3,5,2,7,2579
3,4,11,3,3696
3,11,5,3,2662
3,7,10,3,3247
3,1,12,3,3173
3,1,10,3,4187
3,4,3,10,2924
3,3,2,10,2611
3,5,12,3,3288
3,7,3,4,2608
3,13,7,4,3488
3,4,7,3,2510
3,5,9,3,3181
3,13,3,3,3488
3,13,12,10,2905
3,12,10,3,3119
3,4,6,7,6259
3,7,4,7,3288
3,4,13,3,2769
3,6,10,2,2494
3,8,6,8,3948
3,8,9,10,3237
3,12,3,3,3292
3,3,8,3,2549
3,2,7,8,5152
3,3,6,3,3693
3,13,6,2,2882
3,13,2,8,5022
3,9,4,3,5703
3,10,5,3,3994
3,10,1,3,2556
3,5,3,3,2513
3,6,13,3,8614
3,11,9,7,2529
3,13,5,7,3048
3,11,13,3,3208
3,13,1,3,4372
3,4,2,10,3167
3,13,8,3,3333
3,12,6,3,2702
3,9,8,10,4021
3,5,7,3,3180
3,8,4,3,3385
3,3,11,3,5944
4,10,9,7,3752
4,4,8,6,2643
4,8,3,4,5926
4,5,4,10,2321
4,8,6,7,3605
4,2,8,5,5820
4,12,3,3,2771
4,6,4,7,5408
4,12,4,3,2239
4,2,5,10,2721
4,3,8,3,2421
4,8,12,9,4421
4,6,7,10,6071
4,9,3,3,5855
4,10,7,0,5122
4,3,4,10,7392
4,8,1,8,3024
4,8,11,8,2438
4,11,13,8,2853
4,7,4,10,3757
4,9,1,4,3621
4,7,2,3,6776
4,12,7,0,2559
4,12,8,10,3738
4,11,1,9,4489
4,6,12,3,2956
4,3,5,10,2570
4,13,11,10,2656
4,12,2,3,3939
4,7,5,10,2908
4,12,10,10,2220
4,3,2,10,2054
4,4,10,2,2591
4,2,9,2,3023
4,4,3,10,4255
4,3,1,7,4977
4,5,3,10,2121
4,13,4,7,6239
4,13,12,7,2374
4,11,5,4,3188
4,9,8,8,10075
4,7,12,2,3058
4,5,10,2,3622
4,12,11,8,1889
4,11,7,0,2603
4,7,11,0,2454
4,7,10,0,4887
4,5,2,9,3321
4,1,6,6,5442
4,4,12,3,2806
4,11,10,7,2587
4,5,11,7,5538
4,7,8,7,3990
4,13,9,6,3026
4,7,3,7,8890
4,8,13,7,4287
4,9,2,3,5773
4,10,5,2,2803
4,8,5,7,5854
4,12,6,3,10838
4,4,6,10,2570
4,9,10,7,6471
4,4,5,10,3456
4,13,6,7,9187
4,1,8,10,9639
4,2,7,6,2702
4,5,8,6,3204
4,8,4,6,2054
4,12,9,7,2675
4,13,2,6,7354
4,3,11,6,6039
4,10,13,6,2953
4,10,3,1,3775
4,1,4,9,3410
4,6,9,1,7522
4,9,11,10,2837
4,3,13,3,4087
4,1,9,6,4420
4,3,7,1,4521
4,2,4,10,3104
4,2,6,6,6254
4,2,10,1,2738
4,4,9,1,3221
4,12,5,1,5187
4,11,2,3,4687
4,7,9,0,3255
4,13,10,6,2671
4,8,10,10,3020
4,10,1,10,2686
4,6,13,6,3791
4,12,13,6,2453
4,12,1,8,2407
4,6,10,2,4070
4,9,6,2,4121
4,6,1,6,2424
4,6,3,6,2970
4,1,2,6,5771
4,3,12,0,3473
4,6,11,3,5691
4,7,1,1,6553
4,4,13,3,2637
4,1,5,9,3088
4,5,12,0,3737
4,13,5,2,8054
4,10,8,10,2571
4,11,8,9,3471
4,4,11,4,6971
4,9,5,1,4186
4,11,12,7,3737
4,13,1,3,2272
4,2,12,1,2975
4,5,1,7,2771
4,3,10,0,8138
4,4,7,9,2787
4,10,12,10,2637
4,11,4,4,4221
4,6,8,2,4388
4,1,7,0,3706
4,3,9,0,4337
4,2,13,3,4991
4,6,2,7,4656
4,8,7,6,2772
4,10,2,1,3388
4,5,9,2,6219
4,1,11,7,3060
4,10,11,7,2270
4,11,6,5,4055
4,1,12,7,2570
4,9,13,7,5303
4,13,3,3,3537
4,9,7,0,3203
4,6,5,7,2905
4,2,11,3,3873
4,7,13,0,2892
4,8,2,2,3189
4,1,3,1,8086
4,13,7,0,2438
4,7,6,7,8205
4,5,6,7,2971
4,11,9,10,4042
4,2,1,9,2842
4,5,13,4,3654
4,9,4,0,3141
4,5,7,10,3770
4,1,10,9,2655
4,10,4,0,2937
4,11,3,3,6620
4,3,6,3,2804
4,10,6,2,4220
4,13,8,5,4705
4,4,2,10,2491
4,9,12,7,3342
4,2,3,10,3203
4,4,1,7,5653
4,8,9,3,3154
4,1,13,7,4371
5,10,13,8,4971
5,9,1,6,4481
5,3,12,3,3899
5,1,8,3,3939
5,9,5,7,4452
5,6,13,7,3240
5,4,3,7,3802
5,13,8,4,4159
5,9,10,6,4368
5,1,5,4,5616
5,1,3,5,3779
5,1,11,2,7604
5,1,4,5,6759
5,6,5,4,5566
5,3,13,8,3735
5,10,9,7,6062
5,13,10,8,3601
5,11,13,4,4860
5,9,13,4,4863
5,1,2,6,5439
5,13,3,4,6378
5,8,12,4,5834
5,4,2,9,5543
5,3,9,6,5396
5,5,4,7,5373
5,13,12,3,6578
5,4,9,6,7451
5,8,1,4,5638
5,5,3,7,5974
5,5,1,6,5364
5,10,1,7,5137
5,5,12,4,4346
5,6,8,2,3288
5,12,9,3,12173
5,2,4,8,4363
5,1,13,3,5513
5,2,7,6,5238
5,2,9,6,15973
5,4,8,4,3967
5,8,5,3,3265
5,6,1,4,4677
5,1,7,4,2518
5,2,13,10,5262
5,11,3,5,9865
5,12,10,4,3537
5,8,9,4,4323
5,12,8,3,3832
5,12,13,4,3794
5,6,9,6,3800
5,3,5,5,3856
5,9,8,4,5093
5,9,12,2,4242
5,11,12,4,4361
5,4,12,4,4525
5,9,7,5,8298
5,11,9,5,3585
5,5,9,6,3074
5,11,4,6,3572
5,2,6,6,6226
5,11,6,5,3407
5,2,11,5,5091
5,4,13,7,6293
5,5,13,6,7733
5,4,11,6,3059
5,3,2,7,6835
5,11,5,5,2974
5,12,7,4,4292
5,2,8,3,2678
5,6,3,5,10947
5,12,5,4,5323
5,7,10,7,4242
5,2,3,8,3828
5,8,7,4,3377
5,2,10,7,3232
5,7,4,8,3288
5,2,1,5,5522
5,6,11,5,7627
5,8,10,4,3415
5,8,3,4,4130
5,12,6,3,3511
5,9,2,6,9074
5,10,4,8,2773
5,4,10,7,3410
5,3,11,6,5972
5,7,2,6,2636
5,10,5,6,5495
5,4,6,7,5284
5,13,5,6,2727
5,12,2,4,3345
5,2,12,5,4744
5,1,9,4,5019
5,7,6,6,7566
5,5,7,7,4313
5,3,6,6,6604
5,7,3,7,6459
5,1,12,5,3266
5,13,2,9,2959
5,6,12,4,6730
5,6,7,6,3027
5,3,7,6,3659
5,10,12,4,2965
5,3,8,5,4229
5,5,2,7,3798
5,11,10,6,6322
5,4,1,5,6968
5,3,4,8,3439
5,8,2,5,4141
5,5,11,6,13040
5,4,7,7,7237
5,7,8,4,2542
5,10,11,6,3399
5,2,5,6,6161
5,13,11,6,3980
5,9,6,5,3437
5,13,7,6,5842
5,11,2,6,4448
5,12,1,4,6137
5,13,9,7,7645
5,10,7,6,3057
5,12,3,4,4531
5,7,1,5,4546
5,1,6,4,2836
5,3,10,7,3625
5,7,11,5,4984
5,5,8,4,4300
5,8,6,4,12229
5,5,6,6,14087
5,6,4,8,2940
5,10,6,7,2843
5,1,10,6,2949
5,7,9,6,3567
5,4,5,7,3187
5,8,13,6,8705
5,8,4,5,3356
5,12,11,5,3373
5,11,7,6,2296
5,3,1,4,2796
5,10,2,10,3498
5,5,10,7,7457
5,12,4,5,4925
5,13,6,6,2924
5,8,11,4,3970
5,7,12,5,3110
5,13,1,4,7404
5,9,11,5,3862
5,10,3,6,2822
5,9,3,7,4213
5,13,4,8,6786
5,6,10,7,3131
5,6,2,7,2302
5,9,4,7,5400
5,11,1,5,3462
5,7,5,6,2676
5,7,13,6,4852
5,11,8,4,3912
5,10,8,5,2918
6,8,1,7,5471
6,10,1,4,6043
6,9,10,3,4392
6,4,12,2,3024
6,4,5,1,3781
6,4,10,5,3346
6,1,10,4,3240
6,13,2,1,2754
6,13,9,1,3353
6,10,6,7,3879
6,8,2,4,7404
6,7,4,3,3679
6,10,13,3,2405
6,5,9,2,2981
6,6,9,6,2788
6,6,2,5,2652
6,10,3,3,3437
6,11,6,3,3118
6,11,9,3,2406
6,10,9,7,2868
6,11,1,3,3231
6,7,6,5,3494
6,5,10,1,3430
6,13,12,2,3438
6,1,3,6,4146
6,12,11,3,4447
6,9,12,2,4004
6,5,1,2,2700
6,5,8,3,2073
6,8,6,5,2483
6,1,5,5,2324
6,6,1,2,3146
6,6,11,3,3039
6,8,4,6,2619
6,6,4,4,4095
6,11,13,2,2759
6,8,12,3,2700
6,1,7,2,2685
6,7,2,2,2639
6,2,3,7,3738
6,4,9,5,4637
6,2,11,3,2300
6,6,3,4,4829
6,4,3,5,2208
6,6,8,5,2165
6,7,13,2,2421
6,4,8,4,4387
6,9,5,1,2493
6,8,9,4,3811
6,4,1,4,2477
6,9,13,1,3032
6,2,4,8,4321
6,6,10,4,2461
6,11,3,3,2523
6,2,12,2,4502
6,12,7,1,2595
6,1,6,3,4004
6,12,1,2,3257
6,5,2,2,3817
6,12,8,4,4083
6,2,7,2,3177
6,3,9,4,5647
6,12,13,2,2548
6,4,6,7,4003
6,3,11,4,2814
6,12,6,2,2545
6,7,9,1,3396
6,4,11,2,2443
6,6,12,2,2397
6,5,4,2,2397
6,3,10,4,2784
6,5,7,2,2127
6,4,13,1,2484
6,1,12,4,2591
6,1,4,3,2827
6,8,3,4,2790
6,2,5,2,2780
6,3,4,4,2739
6,8,10,10,3606
6,1,8,6,7194
6,4,7,1,2966
6,5,13,1,2509
6,10,7,0,2834
6,7,3,2,2439
6,3,2,7,2798
6,11,12,2,3986
6,13,11,2,2859
6,8,5,2,2723
6,9,3,3,3726
6,10,8,10,3064
6,2,6,5,3509
6,13,4,2,2809
6,12,5,1,6238
6,1,13,2,2685
6,1,2,6,2599
6,8,11,3,2372
6,2,10,4,4251
6,6,5,2,2748
6,11,4,2,2204
6,10,2,3,2257
6,7,1,1,2879
6,13,7,1,2332
6,2,9,3,3629
6,10,5,2,4112
6,8,13,3,2735
6,9,4,3,3569
6,2,8,3,3290
6,11,10,2,2557
6,3,12,2,3200
6,12,10,2,2730
6,9,2,4,3953
6,9,1,3,2464
6,13,10,1,2976
6,11,5,2,2954
6,9,8,2,2559
6,13,8,0,2196
6,4,2,8,5271
6,7,5,3,2869
6,2,13,1,3752
6,3,6,3,3864
6,5,6,2,2378
6,1,11,4,2720
6,5,3,2,2382
6,10,11,3,3244
6,3,13,1,3270
6,11,8,2,2427
6,5,11,1,3327
6,7,10,1,2851
6,3,1,3,2573
6,12,2,2,4231
6,11,7,2,3818
6,5,12,2,2360
6,7,11,3,2606
6,13,1,1,2231
6,12,9,1,2568
6,11,2,1,2384
6,3,8,3,2140
6,7,8,2,3139
6,6,13,1,4336
6,10,12,2,2409
6,8,7,2,2547
6,10,4,4,2906
6,9,11,2,4290
6,9,6,3,3827
6,12,3,2,3151
6,6,7,5,4031
6,7,12,2,2422
6,13,6,1,2498
6,3,5,2,4075
6,12,4,2,2579
6,13,3,1,3658
6,13,5,1,3422
6,2,1,7,3778
6,9,7,3,2782
6,1,9,3,3789
6,3,7,2,2651
7,10,1,5,12546
7,2,12,6,10957
7,9,2,5,9523
7,12,13,5,6850
7,7,11,5,3151
7,1,2,7,4405
7,8,10,5,9933
7,2,7,5,4046
7,1,12,5,5175
7,5,6,5,11597
7,7,3,5,3772
7,9,6,5,4165
7,11,8,5,3514
7,10,3,6,5873
7,6,7,7,3947
7,2,4,7,8809
7,6,5,5,3408
7,7,6,7,4870
7,6,9,5,2557
7,5,9,5,5424
7,3,8,5,5233
7,6,1,5,2279
7,4,5,6,12612
7,4,6,6,4337
7,8,13,5,3195
7,4,1,6,4669
7,3,10,5,2912
7,9,13,5,3419
7,10,7,5,4347
7,7,9,5,3885
7,1,9,5,2501
7,6,12,5,2215
7,13,4,5,10305
7,11,13,5,2917
7,10,6,6,4205
7,12,11,8,12692
7,1,6,5,2157
7,6,8,5,6007
7,13,2,7,4033
7,12,10,7,4677
7,11,7,5,3977
7,9,10,5,4645
7,11,6,5,9760
7,6,11,5,3006
7,8,1,5,3065
7,6,2,6,22865
7,5,3,8,3497
7,11,10,5,3240
7,3,7,5,2669
7,2,9,5,5302
7,13,5,5,4256
7,10,13,5,3996
7,8,5,5,3371
7,13,1,6,7896
7,12,8,5,6968
7,8,12,5,2504
7,13,10,5,3428
7,5,7,7,2571
7,4,2,8,3721
7,7,10,6,4451
7,13,6,6,3999
7,12,2,6,3340
7,12,1,5,1963
7,7,13,6,5880
7,10,2,5,32666
7,8,3,5,2673
7,8,2,6,2896
7,9,4,6,2942
7,2,5,7,4843
7,1,13,6,3768
7,3,11,5,2365
7,1,11,5,3375
7,1,5,5,2123
7,6,10,6,3480
7,10,5,5,2620
7,12,5,5,2643
7,10,4,6,3401
7,4,9,5,3406
7,9,11,5,2912
7,9,8,7,4161
7,11,2,6,2951
7,5,2,7,5402
7,13,7,6,4268
7,1,4,7,5346
7,8,7,5,2781
7,3,6,6,3426
7,3,1,5,3077
7,6,3,5,9716
7,1,7,5,2484
7,1,3,5,4234
7,13,12,5,2523
7,11,1,5,2668
7,7,12,5,4249
7,7,1,6,3346
7,7,5,8,4578
7,3,9,5,2908
7,3,13,5,2673
7,7,2,6,6912
7,10,11,5,4247
7,5,4,8,4766
7,13,8,5,5612
7,4,7,5,5030
7,2,3,6,10537
7,9,3,5,2501
7,4,13,6,4741
7,12,3,5,2371
7,4,11,5,9745
7,5,10,5,2227
7,12,4,6,10832
7,9,5,5,3084
7,12,7,5,2703
7,11,5,5,8961
7,6,13,7,3152
7,2,1,8,6384
7,7,4,6,3190
7,3,5,8,10836
7,13,9,5,2961
7,5,1,5,2734
7,1,10,5,2908
7,9,7,5,3176
7,10,12,6,4414
7,11,3,5,2775
7,8,11,5,3531
7,5,13,5,3315
7,9,1,5,2443
7,5,12,5,3501
7,9,12,5,2049
7,6,4,6,5943
7,2,8,5,3670
7,12,6,5,2327
7,2,13,6,1992
7,2,11,6,4260
7,1,8,5,2080
7,3,4,7,5819
7,8,9,7,5330
7,4,8,6,3558
7,8,6,5,2431
7,13,11,5,2747
7,10,9,5,3979
7,10,8,5,2724
7,3,2,6,10861
7,13,3,6,6613
7,4,10,5,5240
7,2,6,6,4646
7,11,4,5,2141
7,3,12,5,3223
7,4,12,5,4346
7,8,4,6,4902
7,4,3,5,5963
7,12,9,5,3514
7,11,12,8,6266
7,5,8,5,3802
7,5,11,5,4408
7,11,9,5,2548
7,7,8,5,2928
7,2,10,6,2425
8,1,3,1,15143
8,5,13,1,7163
8,1,12,1,11369
8,11,9,8,3349
8,4,13,1,3576
8,5,4,4,6979
8,12,13,8,2632
8,10,4,4,7498
8,11,8,1,3863
8,4,1,8,5111
8,10,1,2,9874
8,13,3,1,11061
8,8,5,7,12950
8,12,4,1,5725
8,4,3,8,4144
8,6,4,8,3717
8,5,6,1,11376
8,1,10,2,10925
8,9,6,1,3136
8,1,11,1,7477
8,9,1,1,4679
8,11,5,3,4408
8,3,13,1,5259
8,4,10,2,9150
8,8,3,7,4259
8,3,2,3,10689
8,11,10,4,6608
8,10,2,1,6734
8,3,9,1,4587
8,10,12,8,5523
8,5,8,6,5262
8,2,5,2,242798
8,2,6,8,4050
8,13,6,1,5866
8,10,5,6,4104
8,12,10,8,3119
8,13,5,2,7801
8,12,5,2,6258
8,5,10,7,5379
8,6,10,1,3777
8,3,1,3,4481
8,2,11,1,3227
8,2,7,2,9422
8,8,6,1,4294
8,8,10,8,3101
8,9,10,1,7667
8,9,3,1,8216
8,7,12,2,3023
8,4,7,2,2933
8,10,13,3,6436
8,1,7,1,5945
8,5,2,1,4764
8,10,7,1,4272
8,6,11,1,3477
8,1,8,7,9884
8,7,10,3,3382
8,9,7,1,4210
8,8,7,2,3708
8,12,11,8,3168
8,11,12,8,2200
8,4,5,6,6307
8,7,3,1,3525
8,2,10,2,11216
8,7,6,1,5354
8,5,7,1,2875
8,8,12,3,5198
8,13,8,1,5411
8,3,8,6,5681
8,2,12,1,2910
8,1,2,8,3477
8,4,8,6,3794
8,9,11,8,3290
8,10,6,1,6690
8,13,11,8,3337
8,12,9,3,5352
8,11,6,1,2388
8,3,7,1,3955
8,3,5,1,3665
8,9,2,1,3544
8,2,9,1,2532
8,7,11,2,3493
8,1,6,3,4184
8,12,7,2,4836
8,7,13,1,3492
8,1,5,1,5394
8,4,12,1,8125
8,2,4,8,6459
8,9,8,3,4425
8,3,10,2,11089
8,13,7,1,2801
8,6,2,8,3839
8,9,12,2,4902
8,11,2,1,2766
8,13,9,2,3066
8,10,8,7,4114
8,7,2,1,3294
8,8,9,1,3223
8,8,4,6,3062
8,6,8,1,3897
8,4,11,1,6842
8,6,9,1,3072
8,8,11,1,7041
8,13,2,1,4418
8,4,2,8,3953
8,8,2,3,5396
8,3,6,3,4567
8,5,12,1,5276
8,6,5,1,3853
8,5,11,1,5143
8,7,5,4,5335
8,7,4,2,4999
8,3,4,8,5048
8,11,4,1,5825
8,6,1,2,11264
8,11,3,1,5068
8,10,9,3,7354
8,11,13,8,4469
8,2,3,8,2711
8,3,12,1,11210
8,9,13,3,4224
8,12,3,1,2463
8,4,6,8,2550
8,2,13,1,2455
8,10,3,3,3734
8,7,8,2,3442
8,6,12,1,2684
8,5,1,1,3710
8,12,2,1,5558
8,12,8,2,5140
8,8,1,6,3377
8,9,5,1,4265
8,11,1,1,2621
8,11,7,1,2428
8,12,6,1,3096
8,7,1,1,2229
8,7,9,2,3931
8,2,1,8,6527
8,1,9,1,2589
8,6,3,2,3510
8,6,13,1,2566
8,13,1,1,3823
8,3,11,1,2710
8,4,9,1,2757
8,10,11,3,4206
8,5,3,1,3494
8,12,1,1,2556
8,2,8,3,4665
8,1,13,1,2426
8,13,10,3,3816
8,9,4,1,4856
8,13,12,8,2677
8,5,9,2,4188
8,6,7,1,2489
8,8,13,2,3697
8,1,4,8,3532
8,13,4,1,2716
9,3,5,7,7895
9,9,5,5,10179
9,2,3,7,6425
9,7,12,6,10046
9,12,9,7,4493
9,4,2,7,13436
9,2,10,8,8095
9,5,7,7,3550
9,3,4,5,5366
9,11,2,6,5114
9,6,4,5,3825
9,12,5,8,5587
9,4,10,7,4832
9,5,11,7,22000
9,7,13,7,5838
9,12,1,8,2910
9,10,1,7,3134
9,1,2,7,15155
9,9,7,8,4415
9,8,2,7,5022
9,6,5,6,4023
9,3,2,8,4980
9,7,5,7,7325
9,4,3,5,3964
9,8,5,7,45250
9,2,4,6,2774
9,8,4,8,5007
9,13,4,7,2724
9,1,6,7,7676
9,4,12,6,2810
9,9,10,7,2118
9,7,3,6,2257
9,5,12,7,5798
9,3,1,7,14023
9,3,10,8,2691
9,5,1,6,2117
9,1,4,7,4964
9,7,10,6,2764
9,7,2,8,11279
9,8,3,7,3518
9,8,13,8,5982
9,3,11,6,9871
9,8,1,7,5249
9,8,11,6,3352
9,3,13,6,6378
9,11,5,7,9535
9,4,1,6,5043
9,6,12,5,5604
9,9,8,7,2349
9,13,12,7,3503
9,10,11,8,4047
9,4,5,6,6250
9,5,13,7,2936
9,11,12,8,2918
9,6,3,6,2586
9,10,13,7,3223
9,13,10,8,3806
9,13,5,7,3071
9,9,12,6,3525
9,6,7,7,5645
9,13,7,8,2228
9,4,8,6,3473
9,12,10,7,14071
9,10,7,6,2982
9,12,2,8,3525
9,7,11,7,2259
9,1,3,5,3358
9,10,3,6,2028
9,9,1,7,4121
9,4,9,6,2658
9,2,1,7,2461
9,5,2,6,2556
9,2,13,7,6596
9,11,1,6,3344
9,9,3,7,4419
9,10,12,6,4056
9,2,8,7,9142
9,9,4,6,3131
9,9,13,7,2463
9,3,8,8,3591
9,5,3,6,5578
9,4,7,7,24115
9,13,2,6,2269
9,13,3,6,3811
9,8,9,6,2083
9,4,11,7,2748
9,2,6,7,3206
9,2,5,6,1763
9,3,12,7,2073
9,8,6,7,2758
9,9,6,6,2314
9,11,3,6,2771
9,11,9,7,2413
9,12,6,8,1931
9,9,11,7,2029
9,5,8,6,2288
9,11,7,7,1922
9,10,5,8,1536
9,6,1,7,2710
9,10,8,6,2294
9,7,1,7,2034
9,7,8,7,21763
9,12,4,8,2565
9,2,9,6,1919
9,12,7,7,2732
9,11,13,8,2160
9,2,12,7,2514
9,7,9,6,1644
9,12,11,7,1932
9,5,10,8,2301
9,6,2,6,2467
9,4,13,7,2089
9,10,4,6,12900
9,3,6,7,3177
9,3,7,7,2730
9,13,9,8,2185
9,11,4,6,2371
9,6,13,7,1847
9,5,9,7,5557
9,13,11,8,2243
9,10,9,6,1617
9,10,2,7,1774
9,1,12,6,2212
9,7,4,7,2004
9,6,9,8,6289
9,1,11,7,3002
9,6,11,6,1669
9,7,6,7,2016
9,1,9,7,2630
9,9,2,8,2873
9,6,8,8,1884
9,11,8,7,1697
9,1,7,8,1584
9,11,6,6,2501
9,2,7,6,1953
9,1,8,7,1838
9,1,5,8,2500
9,1,13,7,3155
9,8,7,6,3657
9,8,10,7,2616
9,1,10,8,2232
9,2,11,6,3898
9,13,8,5,2426
9,5,4,7,2295
9,8,12,8,2165
9,13,1,7,2931
9,13,6,7,3432
9,4,6,7,3651
9,12,3,6,4256
9,10,6,7,3156
9,11,10,7,14047
9,6,10,7,11480
9,3,9,7,3447
9,12,13,8,2432
9,5,6,6,3068
9,12,8,7,2052
10,13,10,5,5721
10,12,6,5,2328
10,11,7,10,3516
10,2,13,5,3313
10,3,6,5,2008
10,10,12,5,1526
10,13,7,8,4592
10,5,2,5,2110
10,8,9,8,3126
10,2,6,7,5658
10,11,8,10,21148
10,12,3,5,2196
10,6,13,5,5889
10,4,2,10,7029
10,1,7,5,2576
10,6,12,5,2407
10,9,11,10,2277
10,13,6,8,2863
10,5,3,10,4413
10,8,2,8,2773
10,9,10,7,15244
10,6,3,5,28164
10,12,9,8,31521
10,11,5,7,5048
10,13,12,7,24264
10,4,13,5,15789
10,7,1,5,2064
10,5,10,5,1837
10,11,10,8,2619
10,13,3,5,4916
10,8,11,9,2894
10,2,4,10,4113
10,8,13,7,3987
10,1,8,8,3121
10,2,11,8,34064
10,4,6,5,12732
10,7,12,5,1628
10,10,3,8,3186
10,6,7,10,4762
10,4,10,6,2011
10,2,9,5,66754
10,8,10,8,25346
10,9,5,8,9570
10,7,10,7,2255
10,10,6,7,13078
10,12,10,7,5364
10,10,11,5,2167
10,6,10,7,3922
10,2,10,7,4124
10,13,4,7,4354
10,4,3,10,2820
10,1,6,5,4123
10,9,1,8,3111
10,3,8,7,49592
10,7,2,7,2510
10,2,1,5,2450
10,5,4,10,3224
10,5,1,5,2931
10,1,13,8,3040
10,10,1,5,2785
10,5,7,10,3223
10,3,4,10,3235
10,7,9,7,2834
10,12,1,7,3346
10,10,13,7,3654
10,1,11,7,8195
10,13,2,5,22447
10,10,4,7,36807
10,5,11,5,2589
10,9,13,7,3080
10,2,3,7,2390
10,12,13,7,5962
10,1,5,5,2845
10,11,6,7,4706
10,12,8,5,34330
10,8,4,6,2334
10,12,5,10,2968
10,7,4,8,4965
10,11,2,7,2667
10,5,9,7,2446
10,13,9,7,3455
10,5,13,7,1830
10,1,3,7,7340
10,1,10,6,4124
10,2,8,7,26418
10,8,7,7,6148
10,9,2,7,4044
10,13,8,5,3952
10,7,6,10,6528
10,3,12,7,3097
10,6,11,6,2383
10,3,5,10,2924
10,4,7,10,3578
10,3,13,5,5692
10,12,2,7,3087
10,7,3,5,3145
10,4,11,5,2246
10,2,12,5,2044
10,6,8,7,4397
10,7,8,7,4935
10,2,7,5,39786
10,11,9,10,2939
10,5,8,7,2173
10,3,2,5,3039
10,6,4,5,9002
10,1,2,5,1262
10,10,8,7,3385
10,7,13,5,4426
10,3,1,5,4322
10,4,9,5,3172
10,3,11,5,3818
10,6,1,8,42138
10,11,13,10,3926
10,11,12,5,1883
10,9,7,8,2724
10,8,12,5,2922
10,10,2,5,1706
10,6,9,5,4598
10,7,5,10,2225
10,3,7,10,3014
10,10,9,7,2463
10,9,8,7,3954
10,8,6,7,2189
10,12,11,5,3077
10,6,5,10,6052
10,12,7,5,3430
10,13,5,5,2260
10,12,4,5,1488
10,13,1,5,2148
10,5,12,5,2430
10,3,10,5,2098
10,7,11,5,8338
10,9,3,5,3877
10,10,7,5,2124
10,4,12,5,2300
10,11,1,7,2415
10,4,5,10,2857
10,9,4,7,3445
10,4,1,5,1908
10,1,9,7,2936
10,11,4,5,3288
10,9,12,5,1441
10,1,12,5,1840
10,4,8,5,1501
10,11,3,5,2013
10,1,4,5,3183
10,5,6,8,4115
10,13,11,5,2072
10,8,1,5,3182
10,3,9,7,2141
10,8,5,5,3304
10,2,5,7,4126
10,8,3,5,1404
10,10,5,5,2096
10,9,6,7,3038
10,6,2,5,1907
11,7,9,2,5394
11,4,8,1,5299
11,6,3,10,3745
11,13,10,2,3863
11,13,1,0,3562
11,1,12,1,11080
11,9,4,0,4251
11,4,11,2,6007
11,11,6,2,4688
11,5,7,10,2444
11,7,2,2,4370
11,13,5,0,2948
11,5,6,10,5500
11,2,7,2,4961
11,3,7,0,3946
11,4,13,1,4434
11,1,2,10,5111
11,11,10,2,4931
11,4,1,0,5782
11,2,3,3,7529
11,3,6,10,2734
11,13,9,1,4755
11,13,7,1,3159
11,9,13,0,3480
11,5,3,10,2323
11,3,13,0,4228
11,13,3,0,2379
11,8,6,1,4492
11,4,10,1,5137
11,12,4,3,7418
11,9,6,3,4819
11,13,12,0,3465
11,5,8,1,8384
11,7,12,2,5199
11,8,9,10,2451
11,6,8,0,4034
11,7,11,5,2861
11,7,1,1,4730
11,1,9,0,4343
11,9,7,2,7065
11,6,1,0,5484
11,6,4,10,2756
11,6,12,5,4203
11,9,2,0,5524
11,4,5,10,3045
11,3,2,3,5236
11,9,10,3,5914
11,6,2,3,4013
11,7,8,2,5132
11,12,11,10,2435
11,11,13,10,2387
11,1,5,1,10641
11,1,13,0,3067
11,7,13,1,5668
11,12,3,4,3809
11,2,13,1,7729
11,6,7,10,3453
11,4,3,10,2182
11,1,4,1,3599
11,9,3,2,8692
11,2,8,1,5563
11,8,5,0,4511
11,11,12,10,2599
11,5,2,3,5276
11,4,12,4,6605
11,3,9,1,7946
11,3,1,1,4269
11,8,2,1,4555
11,3,8,0,4777
11,11,1,5,6727
11,2,11,3,5043
11,10,8,10,2778
11,11,2,5,4730
11,2,9,2,5546
11,8,1,10,2641
11,12,6,4,3447
11,1,7,0,5080
11,8,3,0,4593
11,12,9,3,5161
11,10,3,2,4580
11,9,12,1,7456
11,8,12,1,10781
11,4,9,2,3589
11,9,11,3,3850
11,11,5,6,3845
11,7,4,10,4579
11,10,11,4,6492
11,6,13,1,10779
11,7,3,2,11724
11,1,8,10,4385
11,11,7,5,4604
11,3,5,10,2682
11,2,4,10,5629
11,5,12,3,9799
11,3,4,10,6987
11,13,2,10,14298
11,4,2,3,4374
11,9,1,1,7603
11,8,4,1,8406
11,10,4,1,3163
11,10,2,0,7881
11,11,9,5,2953
11,11,3,5,3583
11,2,1,10,9017
11,13,6,3,4207
11,7,5,10,2691
11,7,10,3,4564
11,4,7,10,6648
11,8,11,5,5335
11,8,13,1,4100
11,1,3,1,5308
11,6,10,2,4029
11,9,5,1,5013
11,3,11,5,4339
11,5,11,4,5842
11,12,8,2,4474
11,6,5,6,6330
11,3,12,2,5289
11,7,6,10,2401
11,10,9,3,4354
11,10,5,0,6393
11,9,8,10,2460
11,1,11,2,6478
11,6,9,2,4528
11,12,13,2,9821
11,5,1,1,8926
11,10,7,1,3795
11,1,6,3,5326
11,10,12,10,6098
11,12,2,6,4616
11,1,10,4,3659
11,4,6,10,2465
11,10,13,3,4948
11,5,9,3,6323
11,3,10,2,5019
11,10,1,2,5842
11,6,11,5,4535
11,12,5,4,3322
11,5,10,3,6288
11,12,1,3,7045
11,12,7,3,3686
11,2,6,2,3693
11,2,10,4,5807
11,10,6,2,5746
11,13,11,10,9391
11,2,5,2,8838
11,5,13,1,4693
11,12,10,10,3158
11,11,4,5,6431
11,13,8,2,9473
11,8,7,1,3965
11,11,8,5,6513
11,2,12,4,3714
11,8,10,10,2900
11,5,4,10,2708
11,13,4,0,3811
12,12,5,5,11998
12,7,8,5,4865
12,6,1,5,12658
12,7,1,5,2612
12,13,6,5,5785
12,3,1,10,4644
12,2,8,5,2877
12,3,11,10,2928
12,2,7,5,2172
12,12,1,5,5431
12,12,11,10,9290
12,13,10,10,2981
12,3,7,5,2607
12,10,13,10,2935
12,9,6,5,2027
12,7,6,5,2730
12,13,8,5,3102
12,10,3,10,3705
12,7,4,5,2318
12,9,4,10,5574
12,12,3,5,4717
12,5,1,5,6812
12,6,12,5,7127
12,8,13,5,2572
12,4,11,10,4264
12,11,12,10,4956
12,12,7,5,7082
12,11,8,10,5628
12,7,13,5,2076
12,8,10,10,3755
12,9,13,5,7816
12,9,5,5,2326
12,5,13,5,2342
12,5,4,10,2020
12,2,12,10,3930
12,5,10,5,5106
12,5,11,5,3928
12,7,11,5,2272
12,3,4,5,4746
12,7,3,5,2045
12,5,12,10,2579
12,3,9,10,3953
12,11,9,10,2284
12,13,5,5,2325
12,4,13,5,2116
12,8,6,5,2388
12,6,3,5,2619
12,12,6,5,2261
12,8,9,10,3510
12,9,1,5,4265
12,4,9,10,2708
12,12,13,5,2559
12,11,7,5,5544
12,2,11,10,3195
12,6,9,5,7001
12,8,4,5,2709
12,12,4,5,2418
12,11,1,5,8111
12,8,12,10,4254
12,3,5,10,16425
12,4,1,10,13172
12,9,10,10,2452
12,10,1,5,1849
12,1,3,5,4734
12,8,5,5,2631
12,5,2,5,3777
12,1,13,5,2213
12,2,9,5,2635
12,5,3,10,11907
12,1,12,5,2329
12,5,7,10,4388
12,4,8,5,3700
12,11,2,10,4251
12,10,12,10,2106
12,1,8,5,2877
12,12,10,10,3894
12,13,12,5,4077
12,3,6,5,1964
12,6,11,5,3962
12,3,8,5,2265
12,4,5,10,3641
12,4,6,10,4365
12,6,5,5,2533
12,11,5,5,3564
12,12,8,10,4000
12,12,2,5,2988
12,10,2,5,2547
12,1,4,5,3324
12,2,3,10,3197
12,4,2,10,5714
12,1,7,5,2735
12,8,3,5,5680
12,8,7,5,2146
12,11,13,5,2026
12,7,5,10,5298
12,10,6,5,2738
12,10,11,10,8393
12,10,5,5,3388
12,13,2,5,2002
12,13,9,5,4803
12,12,9,10,9251
12,2,4,10,3506
12,6,10,5,2176
12,6,8,5,2200
12,11,4,5,5660
12,11,10,10,3029
12,13,7,5,3718
12,2,10,5,5272
12,9,2,10,2135
12,9,3,10,5142
12,13,3,10,3200
12,4,10,10,2403
12,8,11,5,3965
12,1,2,10,6406
12,10,9,10,3890
12,4,3,5,5505
12,4,12,5,6732
12,9,8,5,2438
12,1,5,5,3773
12,7,2,5,3031
12,2,5,5,8302
12,3,12,10,3139
12,2,1,10,3295
12,1,6,5,3097
12,6,2,5,1954
12,2,13,5,3208
12,5,9,5,3937
12,9,7,5,4983
12,5,8,5,2545
12,1,11,5,4258
12,5,6,5,3174
12,7,9,5,2610
12,6,7,5,2200
12,2,6,5,5458
12,3,13,10,2817
12,13,1,5,1771
12,1,10,10,2911
12,7,12,5,1971
12,6,4,10,2666
12,10,7,5,1988
12,4,7,5,4270
12,9,12,10,2177
12,11,3,5,4004
12,13,4,5,2543
12,8,1,10,2183
12,13,11,10,3962
12,3,2,10,8366
12,10,8,10,4381
12,7,10,5,3180
12,9,11,10,4283
12,6,13,5,6004
12,1,9,5,11601
12,8,2,5,2709
12,3,10,10,3152
12,11,6,5,3435
12,10,4,5,6342
13,7,12,2,7417
13,5,13,7,6596
13,9,12,2,15514
13,9,8,6,6624
13,9,4,7,3814
13,12,1,7,4519
13,1,12,7,5017
13,6,7,2,3837
13,5,3,8,3475
13,13,3,8,16952
13,12,4,7,5711
13,6,10,2,4888
13,2,9,3,11508
13,5,8,2,4365
13,4,11,2,8533
13,9,1,2,10776
13,10,13,5,4035
13,10,6,4,5167
13,7,8,4,5936
13,5,11,3,4066
13,1,6,6,3005
13,6,12,2,4083
13,12,7,4,7998
13,1,3,6,3307
13,13,1,3,6466
13,5,9,7,3217
13,3,10,7,3074
13,7,10,3,7665
13,2,5,1,3028
13,4,10,2,2659
13,7,1,2,4436
13,3,13,8,4524
13,8,13,2,5659
13,9,7,8,5344
13,2,6,3,5917
13,12,13,6,18456
13,11,5,2,3901
13,4,12,2,4749
13,3,2,3,8378
13,7,9,8,8640
13,6,13,6,3539
13,1,5,2,3287
13,12,3,2,3375
13,8,7,2,3763
13,12,10,7,3884
13,11,2,2,3781
13,10,5,8,6899
13,12,11,2,4863
13,2,11,2,2905
13,6,9,6,14884
13,5,12,2,3460
13,6,1,2,3756
13,9,2,6,3100
13,2,7,2,4234
13,7,13,3,5616
13,10,3,3,9335
13,1,9,3,3883
13,5,4,8,3541
13,8,1,10,4450
13,11,12,3,7443
13,6,8,3,13625
13,5,10,8,5860
13,10,8,8,4196
13,3,8,3,2634
13,8,5,3,5479
13,3,7,3,4059
13,4,2,6,2738
13,11,6,3,3105
13,3,9,3,3365
13,13,4,7,3582
13,12,5,1,3379
13,8,6,3,4603
13,1,8,10,5748
13,13,9,5,4805
13,11,4,7,3707
13,9,3,3,3867
13,13,2,3,3796
13,12,2,1,3427
13,4,7,3,2537
13,11,13,3,4628
13,5,7,7,3170
13,5,6,2,3730
13,9,10,8,3862
13,4,13,7,4663
13,13,11,7,6471
13,1,13,3,4206
13,10,2,3,5112
13,4,6,10,3520
13,13,10,9,2847
13,3,11,7,4463
13,13,7,3,4812
13,7,5,8,5012
13,3,1,2,3833
13,13,8,3,4156
13,1,2,3,3000
13,2,8,7,5809
13,6,5,7,3397
13,8,3,3,6400
13,6,2,3,3346
13,11,10,3,3074
13,6,4,10,21587
13,6,3,3,3005
13,4,5,3,2688
13,9,11,3,3555
13,12,9,3,3835
13,10,4,4,3066
13,4,9,6,2329
13,12,6,7,3392
13,2,13,3,6536
13,5,2,1,2905
13,1,7,3,5025
13,10,9,3,3878
13,3,6,2,2942
13,8,12,3,15023
13,13,6,7,4540
13,11,3,7,3529
13,8,2,3,9063
13,3,4,3,3335
13,10,12,3,4845
13,4,3,3,2605
13,3,5,8,2641
13,10,11,6,2853
13,4,8,2,2567
13,11,8,7,3593
13,1,10,3,4842
13,3,12,3,2952
13,5,1,3,3991
13,11,9,7,9164
13,8,11,8,3617
13,10,1,4,3822
13,6,11,3,3671
13,13,5,7,3652
13,1,11,3,3317
13,11,7,3,3877
13,2,4,3,2728
13,10,7,8,4967
13,1,4,3,2853
13,9,13,7,2783
13,7,11,3,4114
13,13,12,7,2960
13,7,3,8,2992
13,8,4,3,4248
13,9,6,3,2368
13,11,1,3,3074
13,7,2,3,7278
13,2,1,3,2549
13,7,4,7,3050
13,8,9,3,2476
13,2,3,5,2386
13,12,8,5,2204
13,8,10,8,3901
13,7,6,6,3927
13,2,10,3,3248
13,4,1,2,2851
13,2,12,2,4443
13,9,5,2,3265
14,12,11,5,14388
14,10,4,5,3887
14,3,12,10,19988
14,12,9,5,4103
14,10,5,5,6224
14,5,1,5,3473
14,13,6,5,8470
14,11,1,5,3370
14,13,4,5,3871
14,5,3,10,2738
14,2,6,5,8540
14,7,10,5,8037
14,12,10,10,4339
14,12,6,5,3671
14,12,3,5,5122
14,1,4,5,2905
14,5,10,5,4122
14,11,6,5,9204
14,11,5,5,10055
14,5,2,5,3056
14,1,6,5,4360
14,13,8,10,4338
14,8,10,10,10758
14,8,13,5,3587
14,13,12,10,16555
14,7,1,5,2938
14,13,1,5,5370
14,5,9,5,7372
14,5,7,5,2505
14,4,8,5,12422
14,4,13,5,2409
14,3,13,10,6370
14,12,5,10,27976
14,5,13,5,3021
14,4,7,5,16122
14,10,8,5,9888
14,4,6,10,7094
14,8,5,5,6015
14,13,9,5,7021
14,5,8,10,8437
14,10,2,5,23024
14,4,2,5,4505
14,8,11,5,19605
14,13,11,10,3272
14,8,1,5,7005
14,7,6,10,3188
14,9,11,10,3655
14,10,1,10,5604
14,12,1,5,3538
14,9,1,5,3087
14,12,4,10,10658
14,1,12,5,22988
14,9,5,5,2759
14,11,12,10,47605
14,2,12,5,3320
14,1,8,5,13776
14,3,7,10,5821
14,9,7,5,3442
14,1,2,10,3855
14,1,10,5,5689
14,8,12,5,3789
14,11,9,10,5620
14,13,2,5,6971
14,3,5,10,2607
14,8,3,5,42805
14,9,4,5,2837
14,10,12,10,4185
14,6,11,5,2525
14,1,3,5,2322
14,2,13,5,3772
14,10,9,5,6371
14,9,3,5,3853
14,2,5,5,22872
14,7,5,5,4638
14,2,10,5,8522
14,2,7,5,3205
14,8,4,10,7121
14,3,9,10,4239
14,12,2,5,17290
14,9,8,10,4173
14,9,10,5,3788
14,13,5,10,13139
14,3,2,5,3086
14,2,3,5,32239
14,11,3,5,2702
14,6,9,5,2091
14,6,8,5,2174
14,8,6,5,3205
14,6,3,5,2555
14,10,3,10,4454
14,4,9,5,2887
14,3,11,10,2972
14,4,1,5,2121
14,1,13,10,2890
14,3,6,5,3605
14,6,13,5,15620
14,12,8,10,5390
14,7,13,5,2837
14,9,13,5,4909
14,5,6,5,4554
14,12,13,5,2637
14,2,11,5,4121
14,6,7,10,5071
14,6,10,5,4555
14,11,4,5,9576
14,10,13,10,10241
14,4,10,5,4159
14,2,4,5,2823
14,2,1,10,3955
14,2,8,5,2739
14,5,12,10,6253
14,11,13,10,3455
14,1,11,10,3791
14,1,9,5,3038
14,4,11,5,2725
14,11,2,5,4770
14,7,11,5,2454
14,8,2,5,3071
14,6,2,5,3824
14,12,7,5,2604
14,4,3,10,5821
14,10,11,5,4841
14,11,7,5,2608
14,3,10,5,5071
14,3,8,5,2576
14,6,5,5,4221
14,13,10,5,11288
14,10,6,5,4905
14,7,3,5,5088
14,13,3,10,4788
14,6,4,5,3358
14,8,9,10,3037
14,5,11,10,5005
14,8,7,5,3808
14,9,2,5,2804
14,9,12,5,9254
14,7,4,5,2822
14,4,5,5,5071
14,3,1,5,2287
14,7,9,5,6439
14,11,8,10,5255
14,2,9,5,2387
14,10,7,5,6488
14,5,4,10,4786
14,7,2,5,2673
14,7,12,5,5037
14,7,8,10,7370
14,1,7,5,5758
14,1,5,5,2108
14,13,7,5,7954
14,3,4,10,3707
14,6,1,5,2638
14,6,12,5,2605
14,4,12,5,4820
14,11,10,10,4740
14,9,6,5,3305
15,13,10,6,9475
15,5,1,7,10252
15,1,3,6,4383
15,6,8,3,4001
15,9,8,5,4282
15,12,8,8,3617
15,10,11,4,5001
15,3,13,9,20189
15,4,3,10,7723
15,5,2,7,16683
15,2,10,5,3118
15,8,13,6,2306
15,1,6,2,11462
15,1,9,3,4062
15,4,10,6,8089
15,8,10,7,3238
15,12,4,4,4311
15,12,3,6,3815
15,5,7,10,20119
15,11,6,1,4890
15,1,2,8,3288
15,9,12,5,4778
15,11,10,4,3860
15,8,7,7,4626
15,8,9,7,3834
15,10,2,5,4399
15,10,5,6,12733
15,7,8,4,3147
15,10,3,7,3436
15,4,6,8,3872
15,5,9,6,2778
15,1,5,7,4870
15,10,9,7,2306
15,4,13,9,2476
15,3,7,8,3968
15,3,6,1,3558
15,8,3,6,5897
15,11,13,4,2669
15,1,12,5,3124
15,2,4,10,2846
15,6,4,10,8127
15,1,7,5,3481
15,7,5,10,5527
15,3,12,8,7981
15,6,3,0,5805
15,9,3,5,3709
15,13,9,3,5884
15,3,2,10,3743
15,10,13,7,5839
15,1,11,7,11101
15,2,13,6,2583
15,8,1,6,3355
15,9,10,5,2993
15,11,7,3,2805
15,13,4,7,3173
15,2,9,6,2837
15,8,4,7,3810
15,4,11,7,2798
15,4,7,8,7392
15,7,9,6,5809
15,6,11,0,16497
15,13,1,3,6321
15,4,12,4,7279
15,6,5,2,5074
15,2,12,6,2909
15,12,5,6,4876
15,6,2,0,3597
15,7,10,4,2945
15,13,2,6,2996
15,10,12,4,11616
15,12,9,4,4244
15,7,2,6,2524
15,11,5,7,4652
15,3,9,6,2936
15,13,12,6,2537
15,4,8,8,2747
15,6,13,1,4217
15,8,12,6,23566
15,8,6,0,3574
15,2,11,8,3593
15,7,6,0,3317
15,10,1,6,3581
15,13,11,4,3320
15,11,1,5,2775
15,9,13,7,4944
15,3,4,10,2825
15,8,5,7,2677
15,9,2,6,3247
15,12,6,0,9430
15,10,4,3,2341
15,5,11,6,6075
15,5,4,7,4501
15,2,8,6,2453
15,9,1,4,5552
15,2,1,9,3216
15,8,11,7,3322
15,5,10,7,1947
15,3,11,4,1975
15,3,5,4,2151
15,12,7,4,2305
15,13,6,0,2509
15,10,6,2,4273
15,5,8,5,4359
15,6,1,3,5686
15,4,5,6,3252
15,2,6,0,6003
15,12,13,9,12554
15,6,7,8,4143
15,3,8,10,2919
15,2,5,7,3337
15,4,9,6,2447
15,5,12,6,3675
15,6,9,2,2820
15,6,12,1,3275
15,11,9,5,3708
15,6,10,3,6819
15,3,10,4,5039
15,1,8,4,3358
15,10,8,8,4654
15,2,3,10,9894
15,11,3,5,9581
15,7,12,5,3330
15,4,2,9,4749
15,12,2,7,2669
15,12,11,6,2006
15,5,3,8,3671
15,8,2,5,7802
15,4,1,7,5021
15,9,5,5,4890
15,13,5,4,2478
15,9,6,2,5891
15,12,10,7,10660
15,1,4,7,3773
15,7,4,4,5823
15,10,7,4,3536
15,5,6,1,4441
15,11,2,5,13339
15,13,3,5,3888
15,11,4,6,3235
15,9,7,3,4154
15,12,1,5,3878
15,7,13,4,3812
15,7,11,4,20831
15,7,1,4,51944
15,1,13,6,3104
15,5,13,7,3173
15,9,11,6,5479
15,7,3,7,3205
15,9,4,6,2193
15,2,7,6,2295
15,11,8,4,2235
15,13,7,6,1889
15,1,10,4,2173
15,13,8,5,3087
15,3,1,6,3710
15,11,12,7,2929
17,13,2,6,3373
17,11,10,8,2509
17,8,5,1,3635
17,3,2,7,5666
17,5,9,5,2672
17,3,1,4,5026
17,1,11,9,3386
17,8,1,7,3272
17,8,12,7,2729
17,2,4,9,5027
17,1,13,6,5457
17,13,4,7,1857
17,13,7,6,1934
17,13,9,8,2019
17,3,11,10,2721
17,7,11,10,2979
17,9,11,10,2594
17,6,9,9,2442
17,13,1,7,3340
17,12,8,4,3536
17,10,9,7,2845
17,7,8,7,3623
17,6,7,5,3222
17,4,10,7,2848
17,3,9,5,2452
17,5,11,8,5050
17,2,8,3,5332
17,10,12,6,6254
17,10,3,7,2637
17,12,4,8,5730
17,12,9,6,3930
17,2,1,3,3299
17,7,2,4,3968
17,3,6,6,3009
17,7,1,7,2583
17,11,5,5,2939
17,1,6,5,2365
17,2,11,9,2882
17,11,3,10,2713
17,7,3,9,3641
17,3,12,6,14315
17,4,7,5,3325
17,12,3,10,4703
17,1,9,6,3719
17,2,12,3,4698
17,13,11,10,3059
17,3,4,10,6391
17,6,1,4,2514
17,5,12,4,2787
17,9,3,10,3475
17,10,2,4,3649
17,13,12,4,3501
17,6,5,5,3858
17,8,11,10,3546
17,4,2,1,3600
17,7,4,8,4820
17,6,2,4,3558
17,10,7,8,5568
17,9,4,8,3273
17,5,1,2,3845
17,4,13,7,3793
17,8,9,7,7545
17,2,6,6,24102
17,4,12,6,4266
17,1,10,8,3375
17,10,11,7,7683
17,4,8,3,3594
17,9,10,6,8675
17,5,2,6,2094
17,3,10,7,1965
17,11,4,8,2399
17,2,3,10,3699
17,6,8,0,3694
17,7,13,5,6711
17,5,6,5,2342
17,8,10,6,3149
17,4,9,9,2801
17,5,3,10,3713
17,11,7,7,4266
17,12,11,10,5977
17,11,8,4,6791
17,5,4,10,3746
17,9,1,1,3578
17,1,5,3,5898
17,12,2,4,3514
17,6,12,5,3106
17,6,11,5,3236
17,1,4,6,4150
17,2,10,6,1972
17,13,6,6,5602
17,4,1,5,7058
17,12,13,5,2823
17,13,5,5,4539
17,8,13,6,2456
17,11,12,6,2165
17,10,1,6,2455
17,1,2,3,3372
17,8,4,5,21005
17,3,8,5,20493
17,6,3,5,3197
17,13,10,6,3003
17,9,5,6,18326
17,10,6,9,3036
17,4,5,7,2133
17,9,12,6,2279
17,10,4,10,3058
17,12,7,7,3242
17,7,10,8,2398
17,11,13,8,3641
17,3,13,8,2149
17,11,2,6,1732
17,6,13,8,2353
17,12,6,7,3627
17,12,10,8,2341
17,5,8,7,1905
17,5,13,6,1562
17,6,10,9,4060
17,12,1,2,2335
17,10,13,8,2552
17,2,7,7,2371
17,11,6,7,2244
17,4,3,9,3463
17,2,9,7,2471
17,1,12,6,2203
17,4,6,6,2373
17,9,13,8,2390
17,10,8,7,2492
17,3,7,7,4014
17,11,1,3,23526
17,1,8,4,2992
17,7,5,6,2173
17,9,2,4,2794
17,9,7,6,2311
17,1,7,6,2713
17,10,5,6,2390
17,13,8,6,2188
17,1,3,6,2008
17,3,5,7,2448
17,5,7,6,2613
17,8,2,4,3157
17,8,6,4,2514
17,13,3,6,2172
17,8,7,5,14293
17,12,5,6,5131
17,9,6,6,7913
17,2,13,6,1835
17,7,12,6,2771
17,7,9,4,1901
17,5,10,6,2403
17,11,9,6,2388
17,8,3,4,2682
17,7,6,7,2168
17,9,8,6,3199
17,6,4,6,3265
17,4,11,10,2121
17,2,5,6,1974
18,1,8,5,7281
18,2,13,6,3643
18,4,10,5,3711
18,11,6,10,2942
18,2,1,8,5621
18,9,5,5,4092
18,8,5,6,6119
18,1,9,9,5325
18,8,9,10,3290
18,1,11,9,4463
18,11,7,9,5791
18,11,9,5,4876
18,3,8,5,2799
18,3,5,6,4035
18,7,13,7,5024
18,4,1,7,3036
18,3,10,6,3064
18,5,1,5,4139
18,9,7,7,4570
18,2,7,7,5622
18,4,2,10,6013
18,10,4,5,2887
18,4,5,6,8034
18,12,4,6,5056
18,8,12,5,3032
18,6,11,8,4960
18,7,5,10,3796
18,7,9,5,3444
18,13,8,8,9513
18,10,7,6,4161
18,8,7,5,2151
18,5,12,8,2303
18,6,9,6,4235
18,8,1,5,2256
18,2,3,6,3277
18,9,1,9,2793
18,13,6,10,3248
18,4,7,8,2680
18,6,7,10,3013
18,8,6,5,5790
18,1,7,5,4847
18,2,10,6,3994
18,8,3,5,4622
18,7,4,8,2920
18,5,9,6,2365
18,10,9,5,3155
18,3,13,9,2891
18,11,8,5,7758
18,12,5,10,2735
18,11,13,9,4435
18,12,6,10,2644
18,4,3,10,2607
18,2,11,10,3477
18,10,13,8,3569
18,11,3,5,5599
18,10,3,7,2387
18,7,1,7,2616
18,1,4,8,4744
18,6,13,9,3315
18,10,12,5,5207
18,9,12,6,6382
18,8,4,5,3215
18,12,11,7,5172
18,11,4,9,3135
18,3,12,5,3275
18,4,8,5,3742
18,10,6,6,2747
18,12,7,5,4874
18,2,6,8,3808
18,3,7,5,4582
18,13,3,6,4250
18,7,3,5,2274
18,3,11,5,5133
18,9,6,7,6349
18,11,12,8,3396
18,3,2,5,2770
18,1,6,5,3928
18,13,11,10,2503
18,7,11,7,6810
18,6,4,8,2546
18,9,2,6,12348
18,11,10,5,4489
18,9,3,5,2665
18,5,13,5,3005
18,6,3,6,2803
18,6,5,9,4437
18,8,11,5,2664
18,12,3,8,3642
18,9,10,5,2282
18,5,6,9,3342
18,5,8,5,2913
18,4,9,8,2207
18,4,13,6,3795
18,4,6,8,3385
18,6,10,9,3812
18,5,4,8,4423
18,11,5,6,4006
18,8,10,9,3686
18,12,2,5,2465
18,12,10,5,3713
18,1,3,5,3413
18,5,10,6,3397
18,13,10,5,2882
18,6,12,6,4087
18,3,9,5,4119
18,6,2,8,3815
18,1,13,5,3040
18,5,11,8,3910
18,2,9,9,2208
18,5,7,10,2495
18,5,2,7,3995
18,13,12,8,3795
18,13,4,7,7340
18,9,8,9,5051
18,9,4,8,2987
18,12,13,8,3554
18,9,11,8,4089
18,3,6,8,3440
18,3,1,7,2755
18,10,1,6,4599
18,12,9,5,3231
18,1,2,6,3476
18,7,10,7,4767
18,1,12,8,3492
18,12,1,8,3133
18,10,5,7,2740
18,4,11,9,2763
18,13,9,8,7946
18,13,7,7,2311
18,9,13,6,2147
18,1,10,8,3736
18,11,2,8,3525
18,13,2,8,3238
18,13,5,5,2722
18,12,8,5,3101
18,8,13,8,2153
18,6,8,8,2715
18,2,5,7,2739
18,5,3,5,1723
18,2,8,7,3598
18,2,4,10,3818
18,1,5,8,2769
18,2,12,8,3774
18,6,1,7,2618
18,10,8,9,2375
18,7,6,10,2652
18,11,1,10,4305
18,8,2,7,2503
18,7,8,6,3427
18,13,1,7,3447
18,7,2,7,7883
18,7,12,7,2592
18,3,4,10,3811
18,4,12,5,3517
18,10,11,8,4133
18,10,2,6,2445
19,4,6,8,7187
19,13,2,4,3761
19,10,3,7,4907
19,11,12,7,3971
19,9,11,6,4161
19,2,4,4,4420
19,8,4,6,3142
19,5,4,4,3715
19,10,11,4,3426
19,11,3,4,5502
19,9,2,4,11268
19,2,7,6,3548
19,1,5,7,3778
19,13,7,6,2479
19,12,2,7,3409
19,13,11,9,3143
19,8,11,8,3181
19,12,1,7,3472
19,9,8,8,4005
19,8,2,6,3781
19,3,13,7,3557
19,13,12,8,3452
19,4,10,7,2753
19,2,12,9,3769
19,10,7,8,3515
19,13,4,7,2559
19,1,10,6,2816
19,12,4,6,2728
19,8,6,7,2460
19,3,8,7,2924
19,4,1,6,2897
19,3,9,7,2598
19,1,11,7,1936
19,2,3,6,3789
19,13,3,7,5740
19,2,5,6,3161
19,9,10,6,3821
19,12,3,6,4134
19,12,5,8,2648
19,8,3,8,3925
19,8,9,7,2912
19,3,11,7,2287
19,7,12,7,2258
19,8,1,7,2521
19,6,10,6,2456
19,10,13,5,2427
19,5,10,5,2893
19,7,11,5,1804
19,3,7,6,3956
19,11,6,5,4640
19,5,9,6,2652
19,4,11,7,2634
19,4,12,7,2736
19,8,13,3,6007
19,10,5,6,2792
19,11,7,8,3873
19,7,2,7,2770
19,9,7,6,2887
19,7,1,6,2257
19,11,9,9,2593
19,10,4,7,1824
19,11,8,7,3161
19,12,10,8,2473
19,9,6,7,2477
19,5,8,6,4023
19,7,5,9,3279
19,9,3,6,2486
19,10,12,7,2498
19,6,9,6,3041
19,12,13,7,2345
19,8,10,7,2202
19,2,10,6,2674
19,10,1,6,2327
19,5,3,3,6394
19,7,9,6,2960
19,2,6,5,1445
19,1,13,5,2047
19,2,9,5,2248
19,5,2,5,4736
19,3,5,5,2918
19,3,6,6,2874
19,10,9,6,2953
19,13,5,7,3282
19,9,1,6,2826
19,6,12,6,2444
19,10,6,6,2482
19,6,1,5,3554
19,2,13,5,1868
19,12,11,5,2509
19,4,3,6,2642
19,9,12,6,2495
19,5,6,5,1792
19,9,4,5,2623
19,1,6,5,2874
19,2,8,7,7221
19,6,8,7,3458
19,3,12,6,4113
19,11,2,6,2536
19,7,8,6,2708
19,7,4,5,2529
19,2,11,5,2683
19,4,13,6,3491
19,6,13,6,2831
19,12,9,7,2704
19,5,1,4,3350
19,1,4,4,2132
19,11,10,4,3939
19,5,7,4,2473
19,6,4,6,3115
19,1,2,6,3332
19,1,7,4,2500
19,1,9,4,2496
19,10,2,4,2135
19,4,5,4,2123
19,2,1,4,3018
19,8,5,6,4090
19,12,6,6,2190
19,3,4,6,4368
19,4,2,6,2475
19,8,12,6,2267
19,6,11,4,2330
19,11,4,5,1630
19,1,8,5,3397
19,12,8,5,2496
19,13,1,5,3683
19,1,12,5,2344
19,6,7,5,2865
19,6,3,5,2074
19,3,10,7,5702
19,7,6,9,3363
19,3,2,6,3193
19,6,5,4,3910
19,4,8,4,2715
19,13,8,7,3644
19,8,7,6,2339
19,9,13,6,2208
19,13,6,4,2735
19,11,5,6,3244
19,11,13,9,3388
19,13,10,7,2574
19,4,7,6,3024
19,10,8,9,2846
19,1,3,7,2508
19,5,11,7,3107
19,9,5,8,2176
19,7,10,6,2482
19,5,13,6,2059
19,5,12,5,2554
19,11,1,5,1918
19,4,9,5,2264
19,13,9,5,1781
19,6,2,5,3435
19,3,1,5,5832
19,7,3,5,2201
19,12,7,5,2450
19,7,13,5,2237
20,13,2,1,6304
20,9,4,1,3823
20,2,11,1,2188
20,12,3,5,4505
20,6,11,1,2605
20,2,4,1,6171
20,7,11,1,4772
20,5,7,7,5141
20,7,6,1,2571
20,9,13,7,3354
20,10,3,1,2807
20,3,5,8,2853
20,10,2,1,2138
20,9,10,8,4438
20,4,9,2,5171
20,6,8,7,7038
20,7,10,1,3955
20,11,7,1,4321
20,6,12,1,2237
20,12,7,1,2721
20,9,3,7,3489
20,5,1,1,3987
20,6,9,1,3988
20,4,2,1,2605
20,4,12,1,5538
20,11,4,1,3243
20,4,10,1,2104
20,1,2,1,2138
20,5,9,1,2621
20,4,6,10,2554
20,8,4,10,2338
20,12,9,2,3220
20,13,4,2,3457
20,12,5,2,2155
20,9,5,9,4671
20,1,9,1,3092
20,7,5,10,10622
20,4,7,9,3255
20,7,9,1,3357
20,8,9,1,2155
20,10,12,1,3142
20,4,5,1,2674
20,7,3,1,2755
20,8,6,1,3326
20,2,10,1,3540
20,2,8,1,5788
20,9,8,1,4905
20,6,10,1,1954
20,8,1,1,4438
20,3,7,1,2255
20,12,10,2,2604
20,9,11,2,4839
20,8,10,2,2688
20,2,5,2,2687
20,7,13,8,4192
20,7,2,1,2054
20,11,10,2,2739
20,5,11,9,3805
20,3,6,8,3924
20,11,13,9,3354
20,1,3,1,4037
20,2,6,1,10039
20,6,13,1,8788
20,2,13,1,2972
20,10,9,1,2587
20,5,4,9,4538
20,5,8,2,2671
20,13,7,2,4238
20,1,8,2,4124
20,8,12,9,11237
20,11,12,9,1769
20,11,5,8,2620
20,12,2,2,2404
20,6,7,2,2141
20,2,9,1,3408
20,10,6,2,3021
20,13,3,2,2187
20,12,11,9,2570
20,2,7,1,1857
20,5,13,2,2589
20,3,10,2,2022
20,7,4,2,2670
20,4,13,2,4487
20,2,3,2,5554
20,11,6,1,3071
20,6,3,2,2738
20,10,7,2,2725
20,12,4,2,3791
20,1,4,3,2421
20,4,8,2,6474
20,8,3,1,3506
20,11,1,1,4703
20,13,1,2,3588
20,13,8,8,5721
20,6,2,2,6972
20,5,10,2,2519
20,8,11,9,2475
20,5,6,2,3054
20,3,4,0,15973
20,3,11,1,4121
20,9,2,1,2820
20,3,1,1,2538
20,7,1,2,2987
20,4,3,9,2837
20,10,13,2,2823
20,1,7,2,2254
20,5,2,2,2942
20,11,3,2,3803
20,1,11,2,11171
20,2,1,2,2653
20,13,11,9,2887
20,5,12,7,2625
20,9,7,2,3737
20,12,8,9,5840
20,4,1,2,4756
20,8,5,2,2553
20,1,6,2,17442
20,3,8,2,3070
20,3,2,2,2005
20,9,12,2,2874
20,1,5,2,2938
20,9,1,9,2407
20,6,5,8,3204
20,12,13,8,2570
20,13,10,2,3721
20,10,8,2,4421
20,1,10,2,3724
20,1,13,1,2470
20,11,8,9,2404
20,12,6,8,2287
20,3,9,2,3304
20,6,1,2,2071
20,1,12,2,4042
20,8,7,2,2438
20,11,2,2,2521
20,7,12,2,2441
20,10,4,2,2324
20,11,9,2,2604
20,10,1,2,5987
20,10,5,2,2772
20,13,6,8,3305
20,8,2,2,3304
20,13,5,2,2722
20,3,13,2,5989
20,3,12,2,2270
20,4,11,2,3457
20,6,4,9,2007
20,13,9,2,3554
20,8,13,8,4342
20,7,8,2,3621
20,5,3,2,4874
20,10,11,1,5558
20,13,12,1,2987
20,12,1,2,2837
20,2,12,2,2288
20,9,6,9,4207
21,5,2,3,6003
21,4,9,5,9604
21,8,13,2,3654
21,3,12,6,3356
21,7,1,2,4140
21,9,7,2,5221
21,11,8,1,3621
21,12,6,2,3805
21,11,10,7,3371
21,13,9,1,3893
21,1,5,1,3268
21,9,11,7,2974
21,10,1,1,3154
21,10,12,1,3121
21,4,2,8,5754
21,11,7,7,4054
21,3,11,6,3471
21,9,5,1,3507
21,2,4,8,5589
21,11,1,1,5903
21,12,8,7,8159
21,13,12,8,4254
21,6,10,2,7005
21,8,7,2,3171
21,1,10,2,3587
21,13,3,8,4108
21,12,11,10,3489
21,7,13,8,3555
21,10,3,5,5922
21,12,3,5,4188
21,12,10,6,3691
21,6,4,6,3575
21,4,8,2,3255
21,13,10,8,3238
21,12,13,8,2891
21,10,5,7,2821
21,8,2,10,3038
21,4,6,8,16988
21,1,9,2,16104
21,6,1,8,4672
21,2,11,2,5376
21,10,11,7,5774
21,4,12,8,3387
21,5,11,2,6071
21,8,4,1,4254
21,13,2,7,4622
21,11,13,2,3271
21,5,4,2,3259
21,3,7,10,3308
21,5,12,7,3087
21,3,5,10,3537
21,5,1,2,2921
21,7,4,2,3454
21,7,3,10,3624
21,11,9,3,6654
21,11,4,2,4120
21,6,8,3,3305
21,12,7,1,3504
21,11,6,1,3239
21,2,8,10,3154
21,8,1,10,2704
21,3,6,3,6490
21,11,3,6,2905
21,4,3,2,4191
21,9,3,6,2620
21,5,9,1,3342
21,9,10,1,3203
21,13,11,8,2920
21,6,11,2,2720
21,13,4,2,2571
21,12,4,2,2255
21,10,13,2,2706
21,4,5,7,2854
21,4,10,8,3404
21,11,5,1,4103
21,7,10,1,3870
21,1,7,1,2870
21,7,2,1,3305
21,5,13,2,10554
21,8,9,3,4056
21,5,8,2,3137
21,2,12,2,4637
21,5,6,7,3470
21,7,8,2,5358
21,1,13,2,3172
21,12,1,7,3704
21,8,6,7,2924
21,4,13,7,2952
21,5,7,2,3071
21,11,2,2,5510
21,1,12,6,3971
21,9,13,2,2955
21,8,11,1,3874
21,13,8,2,2835
21,1,8,10,2737
21,2,1,2,3826
21,1,2,2,6587
21,6,2,2,10157
21,13,5,2,3324
21,4,11,2,2839
21,7,5,2,2870
21,2,6,2,2820
21,12,2,2,3088
21,7,12,8,5136
21,5,10,7,3922
21,13,6,3,2786
21,7,6,3,2424
21,6,3,8,3854
21,2,7,2,2954
21,3,4,8,5338
21,2,13,3,2936
21,3,1,3,2687
21,4,1,2,3454
21,8,10,8,3075
21,1,4,2,3688
21,3,8,7,5304
21,1,11,2,3237
21,8,3,8,2738
21,2,10,2,3674
21,11,12,10,3976
21,6,13,7,3473
21,2,9,2,3505
21,10,7,7,3020
21,3,9,8,3171
21,6,7,2,3087
21,2,5,2,10054
21,10,8,2,3821
21,9,1,2,4554
21,9,12,2,3308
21,6,9,2,4674
21,10,6,2,2723
21,1,3,2,3422
21,3,2,10,3821
21,10,9,2,6805
21,12,5,2,3037
21,13,7,2,4475
21,7,11,7,4372
21,9,2,2,4056
21,1,6,8,4138
21,7,9,2,2836
21,6,12,2,4421
21,3,13,8,3271
21,6,5,8,2905
21,9,6,3,3138
21,9,4,8,2687
21,12,9,2,2907
21,8,5,8,2970
21,9,8,8,2653
21,10,2,2,3520
21,13,1,3,3822
21,2,3,10,3472
21,8,12,3,6155
21,10,4,3,12523
21,4,7,3,4141
21,5,3,8,2870
21,3,10,3,3621
22,3,2,10,11794
22,3,1,5,20653
22,3,12,2,12822
22,5,7,10,7663
22,2,6,5,5448
22,11,12,9,3548
22,2,1,10,7703
22,13,9,2,16655
22,2,5,5,7788
22,12,10,10,7062
22,13,12,6,5363
22,2,12,2,5522
22,13,1,3,36495
22,12,6,2,8164
22,9,11,9,3881
22,3,11,2,5814
22,6,5,5,7983
22,5,8,2,7913
22,8,5,2,11606
22,10,12,10,2994
22,12,8,8,2790
22,10,7,2,6083
22,8,2,5,8753
22,6,3,5,4962
22,13,10,6,13146
22,1,5,3,17544
22,7,12,2,9034
22,8,3,2,8387
22,7,10,1,7727
22,7,6,10,5503
22,10,5,2,15268
22,7,4,5,10871
22,5,11,3,12157
22,13,2,2,8689
22,11,3,2,7038
22,2,11,2,3460
22,7,11,2,9763
22,7,13,2,23755
22,4,1,5,4817
22,5,13,3,6151
22,4,5,10,10841
22,6,8,2,4382
22,11,10,9,4856
22,1,2,10,11391
22,9,5,1,4432
22,1,9,5,6146
22,3,8,3,9947
22,10,13,10,3752
22,1,6,3,17364
22,3,13,2,4440
22,9,6,2,3301
22,5,4,10,19335
22,13,3,2,3482
22,8,1,10,12381
22,5,1,2,6164
22,1,12,5,10344
22,7,9,2,3604
22,10,4,2,4668
22,13,7,2,5320
22,8,12,9,3625
22,2,4,9,7809
22,3,6,5,6352
22,10,11,10,5157
22,6,4,10,2981
22,9,7,2,4842
22,13,6,0,5004
22,13,5,2,4287
22,6,7,10,4675
22,3,10,2,14428
22,9,2,1,3290
22,2,10,1,4660
22,11,9,10,2756
22,9,13,1,9192
22,10,8,8,3109
22,9,1,5,3398
22,11,13,4,10910
22,11,6,2,3185
22,8,9,10,4871
22,13,8,2,6102
22,5,6,5,5041
22,7,5,10,14297
22,1,8,10,2866
22,12,2,3,9353
22,11,5,2,12523
22,6,2,5,4211
22,11,2,2,2612
22,4,6,10,2351
22,13,11,10,3329
22,1,10,5,4607
22,7,2,3,9147
22,11,1,6,6719
22,5,3,10,6028
22,4,2,10,5903
22,4,11,2,4047
22,12,5,2,8391
22,11,4,2,18456
22,8,13,4,12921
22,2,3,10,2931
22,12,3,2,3578
22,9,8,10,2889
22,12,13,10,6756
22,5,9,2,3459
22,10,3,2,6668
22,9,3,1,4831
22,3,9,1,2992
22,6,9,0,3803
22,4,12,2,3205
22,9,12,5,6256
22,12,11,9,3138
22,2,7,4,5684
22,13,4,2,8767
22,4,13,1,6031
22,7,8,1,4384
22,7,1,3,7279
22,8,4,2,3497
22,5,10,2,3600
22,7,3,4,9668
22,12,1,5,5241
22,1,13,5,7688
22,2,9,1,5074
22,6,11,1,4031
22,3,4,10,3033
22,1,3,6,6006
22,6,12,1,5291
22,10,9,6,3881
22,12,4,2,3029
22,3,7,3,9313
22,10,1,5,7943
22,8,7,3,3645
22,4,10,2,13408
22,6,10,1,3135
22,4,7,5,5658
22,6,13,0,2843
22,1,4,5,5043
22,8,6,1,7094
22,4,9,1,3039
22,6,1,2,3305
22,4,3,10,2654
22,3,5,10,3365
22,9,4,2,15783
22,5,12,2,5599
22,10,2,2,5970
22,11,7,4,8383
22,8,11,5,6570
22,9,10,5,9572
22,2,8,5,5951
22,4,8,2,9162
22,12,9,5,8062
22,11,8,5,13495
22,12,7,1,3631
22,5,2,5,5064
22,2,13,2,2830
22,1,11,9,4233
22,1,7,2,6779
22,8,10,10,4924
22,10,6,1,4136
23,5,4,5,8739
23,11,7,0,9204
23,4,9,5,4314
23,4,13,0,3734
23,1,3,7,3715
23,9,10,4,5611
23,9,2,0,4006
23,10,13,2,3384
23,3,2,0,3542
23,1,13,3,4526
23,12,3,0,7451
23,2,10,7,4358
23,7,12,2,3445
23,11,8,0,2662
23,10,11,0,3040
23,12,1,2,4518
23,5,10,1,4202
23,5,7,10,5957
23,10,5,1,18983
23,13,6,0,3760
23,6,1,0,3992
23,10,1,3,5566
23,13,9,1,5488
23,8,13,2,4425
23,10,3,5,3501
23,2,1,10,3909
23,9,11,10,3132
23,2,12,2,2821
23,4,8,5,2963
23,8,7,0,3611
23,6,7,10,6038
23,10,4,5,3643
23,4,2,8,3849
23,3,8,8,3313
23,7,9,0,4150
23,1,10,2,6470
23,2,3,10,10318
23,7,10,0,3445
23,5,11,0,3491
23,1,7,2,3256
23,6,4,9,4331
23,3,4,7,4179
23,8,9,3,2439
23,6,8,0,3484
23,10,12,5,3217
23,6,12,0,2727
23,6,5,0,5543
23,9,7,0,7313
23,12,9,1,5218
23,4,1,4,4436
23,8,4,4,2654
23,7,6,10,2848
23,7,3,0,4825
23,4,11,0,9384
23,12,4,0,4818
23,9,3,0,6386
23,11,10,1,2827
23,5,3,10,2656
23,6,13,0,3571
23,10,7,1,3692
23,1,6,0,3612
23,9,4,3,3479
23,8,2,6,4881
23,4,12,0,6745
23,8,3,5,3788
23,8,12,0,7601
23,1,9,2,4125
23,13,4,2,5324
23,5,9,2,4402
23,9,1,2,15380
23,3,11,2,2569
23,13,8,2,3638
23,8,1,5,4765
23,9,8,2,2692
23,5,2,8,7233
23,6,10,0,2726
23,10,9,0,3127
23,11,13,10,3838
23,2,13,0,3621
23,7,13,0,4701
23,5,1,3,3706
23,8,5,3,9512
23,10,8,3,3432
23,1,8,5,3850
23,13,1,2,4079
23,7,8,0,3824
23,12,13,10,3790
23,5,6,0,3309
23,4,5,5,3029
23,11,6,0,3141
23,12,6,0,2353
23,3,9,0,3042
23,3,7,5,4799
23,2,6,2,6216
23,2,8,3,15987
23,9,5,0,3944
23,3,1,5,4038
23,5,12,0,3087
23,1,5,5,3587
23,8,11,0,3538
23,10,2,2,4712
23,11,1,0,11360
23,3,12,5,3786
23,12,2,2,6385
23,4,10,3,2955
23,11,4,0,4687
23,13,10,2,3248
23,7,11,0,3459
23,7,4,0,5377
23,9,12,5,9532
23,5,8,3,3551
23,13,11,0,2866
23,6,9,1,3323
23,11,3,0,2955
23,7,1,0,13548
23,11,9,0,23453
23,3,6,0,3067
23,9,6,0,3232
23,13,2,0,8464
23,8,6,0,2518
23,6,3,0,4921
23,2,5,5,7049
23,5,13,0,10416
23,13,3,2,5999
23,11,5,0,3335
23,9,13,0,4050
23,13,5,0,5182
23,3,10,5,4020
23,12,7,0,2803
23,1,11,0,3240
23,13,12,10,4363
23,2,9,2,2655
23,12,5,5,3329
23,11,12,0,2808
23,1,4,0,4656
23,6,2,2,2342
23,4,7,0,5435
23,3,5,10,4629
23,3,13,0,2608
23,2,11,2,1986
23,10,6,0,8004
23,1,12,0,5436
23,4,6,10,3374
23,13,7,0,3574
23,12,8,1,3173
23,8,10,5,12895
23,12,11,6,8631
23,7,2,2,5662
23,12,10,5,3035
23,4,3,5,3394
23,2,4,8,4358
23,7,5,10,16524
23,6,11,0,3686
23,11,2,0,19798
23,2,7,0,15544
23,1,2,8,4142
24,2,3,10,4439
24,12,2,2,7854
24,10,3,2,5320
24,1,8,10,7788
24,10,7,2,13870
24,6,8,2,3942
24,4,1,2,3888
24,3,1,2,12822
24,12,3,2,5221
24,7,13,2,5924
24,8,1,10,3621
24,2,10,3,10755
24,7,2,5,15589
24,8,12,2,6059
24,13,12,2,6889
24,4,12,2,6588
24,1,10,5,5970
24,6,1,3,11538
24,7,10,3,7805
24,10,11,2,6489
24,1,12,2,4755
24,6,7,3,12805
24,4,9,2,7304
24,11,6,2,5741
24,3,5,10,3905
24,9,8,3,9855
24,10,2,2,6854
24,12,7,2,5325
24,9,4,2,3306
24,12,13,10,5356
24,13,6,5,6171
24,8,2,2,5022
24,10,4,2,5125
24,3,10,2,5523
24,4,2,4,14075
24,7,6,4,5537
24,11,9,10,3556
24,8,13,2,6708
24,9,7,2,5804
24,7,1,2,5376
24,3,11,4,7854
24,11,3,4,2954
24,11,10,4,5439
24,2,7,4,10509
24,9,13,2,9755
24,1,4,4,5788
24,4,7,2,9454
24,5,2,2,4755
24,9,10,2,2721
24,7,4,4,5788
24,10,6,4,3455
24,6,2,2,4505
24,1,5,4,13122
24,8,6,4,3337
24,8,11,4,2590
24,6,5,2,7541
24,4,5,2,3705
24,5,11,4,9321
24,10,5,2,7538
24,6,4,4,6471
24,11,4,2,8091
24,13,9,2,7871
24,8,3,2,4423
24,9,3,3,6988
24,9,11,10,4271
24,2,9,4,7505
24,2,11,4,3337
24,1,3,2,8806
24,13,1,2,4520
24,5,6,10,3589
24,13,10,4,11521
24,8,10,10,8704
24,10,1,5,5087
24,13,7,2,7855
24,1,9,2,3488
24,2,4,4,6091
24,6,9,2,4387
24,10,12,10,15588
24,5,7,2,5155
24,8,5,2,3987
24,9,5,2,6289
24,7,12,2,25255
24,9,1,2,3905
24,3,4,2,6904
24,3,6,2,14404
24,2,8,2,3705
24,13,5,4,11005
24,5,13,4,2504
24,8,9,4,3804
24,6,11,2,3621
24,8,7,4,12755
24,5,3,10,3455
24,9,12,3,8338
24,11,2,3,6087
24,1,7,2,7805
24,13,2,2,4504
24,13,4,3,7254
24,5,1,4,10655
24,2,12,2,5155
24,1,13,2,6338
24,4,11,2,3091
24,5,12,2,5337
24,5,9,2,3773
24,12,10,10,3773
24,6,3,4,9654
24,4,6,4,3705
24,13,3,2,4570
24,5,8,2,6571
24,6,13,2,4558
24,4,10,2,3643
24,11,8,4,10621
24,3,7,2,6942
24,7,9,2,9290
24,2,13,2,2860
24,4,13,2,3255
24,8,4,4,4038
24,1,6,4,2854
24,7,5,4,2673
24,7,3,4,3023
24,2,1,10,11142
24,13,11,5,11105
24,7,11,4,9537
24,12,9,2,11370
24,12,1,2,4755
24,12,11,10,8987
24,2,5,2,8325
24,5,10,2,5721
24,2,6,4,5039
24,3,9,2,4820
24,12,8,2,10187
24,9,2,2,8654
24,10,8,10,4738
24,4,8,4,8688
24,5,4,2,3321
24,9,6,2,10221
24,1,2,10,3738
24,11,5,5,10570
24,11,12,10,4391
24,6,12,2,4055
24,7,8,2,10738
24,11,1,5,5840
24,10,13,2,11655
24,12,5,2,4704
24,6,10,2,10355
24,3,12,2,4174
24,3,8,2,8757
24,12,6,2,4570
24,10,9,4,6788
24,3,2,10,3424
24,11,13,4,4272
24,13,8,3,4874
24,11,7,4,5170
24,1,11,5,6771
24,12,4,2,4471
24,3,13,3,8722
24,4,3,2,4323
25,9,6,5,5185
25,2,3,10,17025
25,13,8,5,21372
25,7,12,10,2805
25,13,4,5,4388
25,11,6,10,6292
25,9,5,10,11121
25,12,10,10,11253
25,2,1,10,3572
25,11,9,10,3205
25,13,1,5,12338
25,4,13,5,3689
25,1,9,5,4638
25,4,8,5,2771
25,9,3,10,2939
25,3,4,10,5321
25,10,5,10,2455
25,7,13,10,2375
25,10,12,10,2809
25,2,12,10,4092
25,8,6,5,2488
25,6,8,5,2388
25,3,1,5,8954
25,5,4,10,3805
25,4,12,5,4604
25,6,13,5,4304
25,9,12,5,4622
25,8,12,10,5576
25,2,9,5,3759
25,6,4,10,18988
25,2,7,10,3405
25,1,4,5,3089
25,6,2,5,5854
25,9,1,5,2021
25,9,2,5,3904
25,5,2,5,3771
25,4,2,10,6190
25,7,11,10,4772
25,6,12,5,3471
25,11,13,5,2154
25,9,13,5,2474
25,5,3,10,4854
25,2,6,5,2805
25,3,9,5,2087
25,3,12,10,3639
25,13,11,5,2453
25,12,3,5,14656
25,13,6,5,2478
25,4,3,10,9608
25,10,3,5,4007
25,1,2,10,3760
25,8,5,5,3026
25,8,2,5,4439
25,6,11,10,3024
25,10,7,10,4605
25,1,13,5,1707
25,6,7,5,7643
25,12,4,5,3756
25,7,1,10,11859
25,13,7,5,4089
25,7,3,10,2992
25,7,9,5,4041
25,10,1,10,3593
25,5,8,5,4642
25,6,9,5,2921
25,11,1,10,3337
25,4,11,5,4387
25,5,13,5,4056
25,4,5,10,3257
25,3,6,10,4637
25,11,12,10,3489
25,12,13,10,9270
25,11,10,5,2871
25,7,6,5,2725
25,9,8,10,6806
25,13,10,5,4138
25,7,4,5,3155
25,4,9,5,3054
25,7,5,10,3938
25,8,3,5,5321
25,10,6,5,6923
25,8,11,5,3554
25,11,4,5,2223
25,5,10,10,3075
25,11,3,5,2454
25,1,7,5,6453
25,11,5,5,2438
25,2,5,10,5420
25,10,11,5,3792
25,9,10,5,4588
25,8,7,5,4157
25,1,5,10,3473
25,6,3,10,4825
25,2,10,5,2521
25,13,2,10,2472
25,2,13,10,2105
25,3,5,10,2905
25,12,2,10,3188
25,3,10,5,2239
25,13,5,5,2241
25,7,8,10,3187
25,5,7,10,2891
25,7,2,5,3488
25,8,9,10,3004
25,13,3,5,2706
25,3,8,5,3839
25,6,10,10,2320
25,10,4,5,4738
25,9,4,5,2471
25,2,11,10,2491
25,3,13,5,7622
25,11,2,10,4474
25,1,12,10,3571
25,8,4,5,2538
25,12,1,5,3524
25,10,13,5,4425
25,7,10,5,9905
25,10,8,5,1875
25,4,7,5,2239
25,6,1,10,4155
25,13,12,10,3208
25,4,1,5,2325
25,5,11,5,4505
25,5,12,10,6470
25,8,10,10,2906
25,5,9,5,2470
25,9,11,10,7158
25,2,4,10,2754
25,4,10,5,1770
25,3,7,5,2808
25,10,2,5,1904
25,5,6,5,2824
25,10,9,5,3071
25,5,1,10,2438
25,12,11,10,2554
25,12,8,5,1753
25,6,5,5,1787
25,1,6,5,1471
25,11,8,5,2176
25,3,2,10,5878
25,12,5,10,2473
25,12,6,5,1974
25,1,8,10,2139
25,4,6,10,6338
25,12,9,5,4157
25,13,9,5,1921
25,12,7,10,2175
25,3,11,5,1721
25,9,7,5,2404
25,8,13,10,3941
25,1,10,5,4221
25,2,8,10,2756
25,1,11,5,1440
25,1,3,5,2157
25,8,1,10,2625
25,11,7,5,1441
26,6,1,2,7591
26,1,8,7,3874
26,3,1,2,5801
26,6,10,2,3273
26,13,6,2,5460
26,8,2,2,11104
26,2,5,2,17675
26,3,10,2,4654
26,9,1,2,8959
26,9,11,10,2741
26,4,10,2,3455
26,3,6,3,5721
26,2,1,10,2874
26,5,2,2,3641
26,6,2,10,29042
26,5,12,2,5854
26,1,2,10,2805
26,2,6,10,4491
26,12,13,10,2786
26,10,6,2,5325
26,13,2,2,3738
26,13,8,2,3424
26,11,3,2,4426
26,9,12,10,5354
26,13,1,2,4771
26,6,3,3,6875
26,10,12,10,4221
26,2,4,10,5189
26,6,12,2,4509
26,12,3,2,6821
26,7,4,2,3621
26,1,11,2,6122
26,12,6,2,4354
26,8,5,2,2389
26,6,5,2,8339
26,1,10,2,6872
26,6,13,2,12371
26,10,5,2,2937
26,4,12,2,3705
26,3,4,3,4470
26,8,1,9,5973
26,10,13,2,8876
26,8,10,10,3627
26,2,12,2,16637
26,5,10,2,4339
26,4,13,2,3871
26,10,11,2,4208
26,1,9,2,3326
26,4,2,10,2842
26,13,11,10,4388
26,2,11,2,5238
26,5,3,10,5109
26,13,5,2,4109
26,7,8,2,5325
26,12,8,2,3226
26,7,3,2,4858
26,9,5,2,4270
26,5,6,2,10154
26,12,2,2,2640
26,9,4,2,4721
26,8,9,2,4788
26,8,7,2,2771
26,10,7,2,2054
26,10,3,2,2071
26,11,12,10,2642
26,3,8,2,4221
26,9,7,2,3709
26,7,1,2,4474
26,11,2,3,5204
26,5,4,2,7688
26,1,5,2,6224
26,2,8,2,8108
26,11,10,2,4457
26,13,3,2,2874
26,8,12,2,3304
26,1,3,2,8990
26,11,8,2,3588
26,3,7,2,3937
26,7,9,2,3188
26,2,13,2,6224
26,5,13,2,6659
26,9,10,2,2520
26,2,9,2,3072
26,9,3,2,2137
26,11,5,2,4155
26,12,7,2,3318
26,10,9,2,8055
26,4,3,2,7675
26,11,1,5,17172
26,13,10,2,3288
26,13,4,2,3236
26,6,4,10,5472
26,6,11,2,2224
26,5,1,2,5021
26,10,4,2,2906
26,10,1,2,2487
26,3,11,2,3642
26,11,9,10,3522
26,3,12,2,6138
26,12,11,10,2656
26,12,4,2,3053
26,11,6,2,2054
26,2,3,2,6205
26,4,9,5,5489
26,10,8,10,2271
26,9,2,2,4621
26,3,9,2,2621
26,13,7,2,3671
26,4,5,2,3943
26,1,4,0,6654
26,8,11,2,5475
26,5,11,0,4670
26,6,9,2,5292
26,8,13,2,2254
26,4,1,2,7020
26,8,6,1,6221
26,3,2,6,4736
26,13,9,2,5121
26,4,11,8,7654
26,12,1,2,3738
26,3,5,10,2656
26,9,13,2,2770
26,7,6,10,7341
26,11,4,8,5104
26,1,13,2,6856
26,7,11,1,3154
26,1,7,1,3153
26,11,13,10,4471
26,1,12,2,3971
26,7,2,2,4354
26,7,10,2,3225
26,8,3,1,9959
26,1,6,2,4892
26,7,12,2,4654
26,6,8,2,2270
26,3,13,2,2688
26,5,7,10,2904
26,9,6,2,5688
26,12,10,10,2490
26,7,5,10,2456
26,7,13,2,2392
26,2,7,2,4488
26,12,9,10,3053
26,2,10,2,7909
26,4,7,2,6889
26,8,4,10,12002
26,4,8,10,3074
26,13,12,10,4321
26,4,6,10,11071
26,11,7,2,5022
26,5,9,2,4653
26,6,7,2,5941
26,12,5,2,3071
26,10,2,2,8455
26,5,8,2,2339
26,9,8,2,3722
27,13,6,2,3935
27,4,3,10,2958
27,3,11,4,2508
27,6,10,5,3455
27,10,12,6,5972
27,13,9,7,3788
27,5,13,4,2604
27,12,5,3,2438
27,10,9,6,7760
27,12,4,4,4621
27,13,1,3,3771
27,2,1,10,5388
27,11,1,3,3339
27,3,2,4,4921
27,10,3,4,3704
27,6,7,9,4307
27,8,2,4,3975
27,3,4,10,2655
27,6,8,7,7122
27,7,11,3,3154
27,9,3,6,3159
27,9,1,2,3322
27,8,5,4,5570
27,1,4,4,5976
27,5,10,4,4174
27,5,6,4,5192
27,11,10,4,2238
27,13,10,4,2889
27,1,12,4,2610
27,4,10,5,5637
27,8,6,8,2804
27,3,5,4,4393
27,13,7,4,6787
27,7,12,4,2438
27,1,2,10,4658
27,6,12,4,3657
27,10,4,4,6808
27,2,3,10,4621
27,7,1,4,3472
27,4,9,5,8575
27,11,4,3,5787
27,4,5,10,4055
27,5,4,10,2404
27,2,12,3,5139
27,12,8,6,4538
27,8,3,4,6887
27,1,8,10,3989
27,12,13,10,2928
27,1,13,3,3856
27,12,11,10,2987
27,11,7,3,2904
27,9,4,4,2892
27,7,8,5,3022
27,4,13,4,3090
27,7,3,4,4370
27,4,2,10,6120
27,7,4,3,4237
27,4,11,3,2427
27,9,12,7,4537
27,8,12,6,3203
27,1,7,4,5158
27,10,13,5,7055
27,10,6,4,5675
27,3,13,4,2603
27,1,9,4,2805
27,8,1,10,5038
27,4,1,3,2741
27,6,4,10,9039
27,11,2,4,9672
27,3,10,4,4187
27,12,3,3,3387
27,6,1,4,4537
27,8,4,7,6539
27,1,11,4,3472
27,4,12,3,3572
27,3,9,4,3504
27,5,3,3,4204
27,12,1,2,3704
27,12,7,5,2324
27,13,3,4,4036
27,13,11,10,3705
27,1,5,4,3837
27,5,1,3,2338
27,10,7,5,2940
27,12,9,7,3970
27,11,12,10,2956
27,5,8,4,3037
27,4,7,10,2640
27,7,10,4,2471
27,11,5,3,2892
27,12,6,4,3623
27,6,13,4,2570
27,6,3,4,2376
27,2,9,4,7455
27,9,7,6,2704
27,11,8,10,6672
27,12,2,4,3658
27,11,6,4,5454
27,13,4,4,3692
27,12,10,4,2554
27,6,11,4,4721
27,8,9,10,3788
27,8,11,10,3120
27,5,12,4,8155
27,1,10,4,5570
27,11,13,10,2937
27,9,2,4,8005
27,10,8,5,3104
27,3,8,5,5238
27,5,7,7,5290
27,7,2,6,7420
27,5,9,6,2437
27,2,11,4,3228
27,8,10,10,3157
27,9,13,4,3739
27,3,12,3,3375
27,10,2,4,7637
27,4,8,6,4537
27,9,5,6,6521
27,6,2,4,3620
27,2,7,5,3419
27,9,6,4,3937
27,11,3,4,4555
27,7,5,7,3652
27,3,6,8,3654
27,8,7,4,5422
27,5,2,6,6070
27,9,8,10,4220
27,3,1,4,3674
27,10,5,4,2420
27,11,9,10,3393
27,5,11,4,6186
27,10,1,4,5990
27,7,6,10,3592
27,6,9,4,2437
27,8,13,10,2671
27,3,7,6,2638
27,7,13,4,4355
27,2,4,10,4736
27,13,2,5,6521
27,10,11,4,4104
27,2,6,6,6374
27,1,6,6,5454
27,2,8,5,5736
27,2,10,5,3921
27,2,5,4,5273
27,9,10,4,7203
27,1,3,6,3371
27,6,5,4,3837
27,13,8,10,6107
27,4,6,10,3073
27,13,5,4,4687
27,13,12,10,2623
27,2,13,4,2553
27,7,9,6,3321
27,9,11,10,2471
28,3,2,10,9687
28,9,11,6,19610
28,6,12,2,18455
28,6,8,2,11188
28,10,7,0,8771
28,9,3,0,11625
28,13,3,1,11104
28,4,8,3,18438
28,11,8,1,11405
28,13,11,10,5804
28,7,13,2,32438
28,11,5,0,9872
28,8,12,0,19525
28,4,10,0,20108
28,11,2,0,10225
28,11,6,0,3971
28,4,11,0,12703
28,2,10,0,20906
28,10,1,2,3342
28,10,12,10,11655
28,13,9,1,8385
28,8,7,0,12105
28,4,3,10,13622
28,2,5,1,18686
28,7,10,0,2805
28,7,3,0,15042
28,5,8,2,5771
28,7,8,0,27490
28,9,6,1,4706
28,5,7,10,14458
28,13,10,2,15242
28,9,13,2,3336
28,6,9,2,4839
28,3,5,10,4439
28,12,7,0,6090
28,10,9,0,4738
28,1,11,0,3207
28,3,6,0,15571
28,5,11,0,13923
28,8,5,0,5203
28,7,11,0,4388
28,2,4,1,5072
28,12,5,0,3187
28,5,2,0,4109
28,8,2,1,9221
28,3,1,0,9172
28,10,3,0,4704
28,5,3,10,10738
28,4,12,0,2888
28,2,6,0,7754
28,12,2,1,4321
28,8,1,1,3604
28,13,12,10,23989
28,5,10,0,19589
28,1,6,0,2937
28,12,3,0,25488
28,5,6,1,3503
28,3,12,0,6856
28,2,7,0,3738
28,8,11,0,2675
28,1,2,10,18827
28,5,9,0,16088
28,5,4,10,11254
28,12,11,0,4106
28,11,13,10,12740
28,9,4,0,27772
28,6,7,1,3522
28,4,6,10,6405
28,3,9,10,7723
28,8,3,0,18005
28,9,7,0,14856
28,1,4,0,8656
28,7,9,1,36872
28,1,13,0,20605
28,10,11,0,13121
28,7,1,1,3092
28,9,5,1,15574
28,9,12,1,4823
28,5,1,1,3942
28,6,4,10,10906
28,13,5,0,3938
28,13,8,1,4221
28,7,2,0,3104
28,2,9,0,2421
28,12,9,0,3822
28,3,13,0,4625
28,2,8,0,10422
28,1,3,0,3023
28,3,7,0,10377
28,5,13,0,3537
28,9,8,1,2621
28,10,8,1,2739
28,1,8,1,11088
28,8,13,1,9673
28,4,2,10,4791
28,2,12,0,2238
28,8,4,0,10739
28,10,5,0,4171
28,12,10,10,7391
28,13,1,1,2937
28,3,8,0,5175
28,2,13,1,4538
28,13,7,1,2609
28,8,9,8,11922
28,2,11,1,2975
28,7,6,9,12456
28,11,3,0,3271
28,9,1,0,14038
28,3,10,1,2920
28,7,4,1,7305
28,1,9,1,11555
28,4,9,1,10855
28,13,6,0,2992
28,6,5,0,3188
28,8,10,10,8572
28,9,2,1,2654
28,6,13,0,4292
28,12,8,1,3237
28,6,2,0,9355
28,2,3,10,10642
28,11,7,0,12720
28,11,1,0,2621
28,11,12,10,4190
28,4,1,2,3791
28,1,12,1,3954
28,1,5,1,3043
28,3,11,0,2455
28,10,4,1,3289
28,7,12,1,3358
28,1,7,1,2653
28,11,10,0,3474
28,10,6,1,3891
28,6,3,0,5322
28,6,10,0,9655
28,4,7,1,5142
28,2,1,0,3105
28,6,1,2,2791
28,5,12,0,3358
28,12,4,0,3787
28,11,4,0,4157
28,8,6,2,3355
28,9,10,0,2791
28,4,5,1,14588
28,13,4,1,2588
28,4,13,1,2340
28,12,6,1,2425
28,6,11,1,6020
28,13,2,1,2638
28,10,13,1,3236
28,11,9,1,3921
28,1,10,0,2673
28,7,5,0,2954
28,12,1,0,2770
28,12,13,10,2525
28,10,2,0,2491
28,3,4,10,8571
29,12,3,0,11416
29,4,3,10,3838
29,1,3,0,5672
29,8,9,10,3755
29,2,13,3,7071
29,2,7,0,3038
29,9,11,10,3255
29,9,12,0,3704
29,1,10,0,6203
29,13,9,0,2572
29,7,12,0,2990
29,9,6,0,5472
29,3,5,10,4387
29,12,5,0,3838
29,8,11,0,5840
29,3,13,0,4654
29,8,5,0,4122
29,4,7,0,2589
29,6,4,10,3437
29,5,7,10,3242
29,4,5,5,4988
29,9,7,0,2054
29,1,4,10,3522
29,8,12,3,6739
29,10,6,3,6888
29,12,4,0,2726
29,12,9,0,3087
29,6,8,3,3504
29,7,10,0,7371
29,7,5,10,2621
29,4,1,10,2740
29,7,2,0,2505
29,5,3,10,2487
29,3,6,0,3322
29,3,8,0,2821
29,2,3,10,3259
29,12,10,10,4055
29,1,2,5,4158
29,7,1,0,2256
29,6,13,3,2838
29,2,1,10,4671
29,1,11,10,3572
29,10,4,0,2738
29,8,4,3,3588
29,4,2,10,2559
29,3,4,10,2440
29,4,6,0,2720
29,13,11,10,2904
29,6,9,0,3038
29,9,3,0,2854
29,2,5,2,6220
29,1,9,0,2684
29,6,7,0,4888
29,13,3,0,2585
29,10,13,2,4288
29,10,1,2,2521
29,2,12,0,2858
29,2,9,0,3573
29,4,13,10,3255
29,10,7,0,2821
29,13,5,0,3770
29,2,11,0,3171
29,11,13,10,2487
29,12,2,0,2725
29,10,2,0,2205
29,11,2,0,4226
29,1,7,0,2572
29,5,11,0,4104
29,7,4,0,2389
29,8,3,0,2658
29,8,7,0,8521
29,2,10,0,2605
29,8,6,0,5689
29,10,5,0,4055
29,5,8,0,5541
29,11,3,0,4609
29,7,8,0,5339
29,9,4,0,2376
29,11,9,10,2687
29,3,2,10,2553
29,1,5,0,4839
29,4,12,0,2937
29,5,1,0,3776
29,12,1,5,8022
29,9,2,0,3239
29,13,8,2,4121
29,4,11,0,2704
29,10,8,6,5871
29,11,1,0,2471
29,1,8,0,2871
29,1,12,5,5805
29,12,6,0,2771
29,8,1,2,5305
29,1,13,0,4487
29,4,10,0,2354
29,5,2,0,2325
29,11,10,5,3258
29,7,13,0,2521
29,11,6,1,5755
29,5,10,0,3104
29,11,5,0,3254
29,6,3,0,3805
29,2,4,10,2820
29,9,13,0,2120
29,3,9,0,5037
29,7,11,0,3004
29,11,12,5,7604
29,7,9,0,2470
29,10,9,0,2938
29,6,10,0,3674
29,10,11,5,2837
29,3,7,0,2338
29,6,12,0,3455
29,11,4,0,3973
29,11,7,0,2207
29,8,2,0,3205
29,7,6,0,2603
29,5,4,0,4405
29,10,12,1,12623
29,8,13,0,3055
29,6,5,0,8238
29,13,4,10,3220
29,3,1,0,2688
29,5,12,0,3371
29,4,9,0,3443
29,3,11,0,2292
29,12,7,0,2858
29,11,8,3,4005
29,7,3,0,2440
29,6,11,5,3770
29,6,2,0,3454
29,5,6,0,2505
29,5,13,0,3272
29,6,1,0,2273
29,9,5,0,3421
29,13,2,0,5772
29,13,12,0,2540
29,12,11,5,2688
29,13,10,0,7720
29,4,8,0,2358
29,9,1,0,2138
29,12,13,3,6939
29,3,12,0,2289
29,13,7,0,2289
29,13,6,0,4322
29,9,8,10,2504
29,2,8,0,2556
29,12,8,0,2338
29,3,10,0,2454
29,2,6,0,2387
29,10,3,0,3771
29,13,1,0,3543
29,8,10,0,2158
29,1,6,0,3420
29,9,10,0,2505
29,5,9,0,5688
30,13,2,2,3219
30,3,12,2,4587
30,5,13,1,2571
30,10,9,1,5854
30,13,4,6,4687
30,4,10,1,3153
30,2,1,7,4521
30,10,12,10,3156
30,4,7,1,5174
30,11,8,0,3454
30,9,10,1,2755
30,10,7,1,3105
30,1,9,0,3037
30,8,5,1,2504
30,12,11,7,9421
30,4,9,1,2754
30,2,12,8,3256
30,8,6,8,3625
30,11,7,0,2504
30,8,12,2,3187
30,7,13,1,3455
30,13,9,0,2953
30,5,2,2,2822
30,12,10,10,3059
30,6,10,1,3605
30,3,13,6,4954
30,13,12,0,4039
30,9,6,0,2405
30,8,11,1,5406
30,7,4,1,4873
30,5,10,0,3321
30,7,5,10,5326
30,3,10,1,3421
30,5,3,7,4858
30,8,2,0,5454
30,12,13,2,5822
30,11,3,7,2988
30,7,6,9,3605
30,3,4,2,5705
30,13,1,1,3322
30,6,9,0,4522
30,5,11,1,14089
30,8,10,10,2941
30,9,8,10,5023
30,13,11,7,4002
30,6,8,10,4202
30,10,5,0,3120
30,9,13,0,4424
30,8,7,0,2871
30,12,9,2,5207
30,4,3,7,5537
30,1,13,7,3491
30,13,10,0,2521
30,5,1,0,2936
30,12,2,9,2821
30,13,6,1,3688
30,4,5,0,3321
30,12,5,0,3437
30,8,13,0,2442
30,13,7,0,3223
30,6,2,0,3070
30,2,7,1,3706
30,5,8,0,2820
30,1,7,1,8804
30,13,3,0,2703
30,11,9,10,4239
30,9,1,2,3288
30,11,12,8,3922
30,10,1,0,4687
30,3,1,6,5620
30,10,8,10,3391
30,12,6,1,3238
30,2,3,7,7455
30,6,13,0,4503
30,6,4,0,3790
30,8,4,0,3403
30,7,10,0,7610
30,1,3,6,6187
30,5,9,10,3439
30,1,10,1,5687
30,3,6,5,6393
30,8,3,0,2404
30,6,11,1,3487
30,3,7,0,6371
30,13,5,0,2972
30,12,1,7,6121
30,1,8,0,8436
30,2,4,0,4336
30,1,4,0,7607
30,2,8,1,3053
30,3,5,0,3907
30,9,2,0,2603
30,12,3,2,4587
30,10,13,1,2705
30,11,5,1,4142
30,2,6,1,4204
30,7,12,4,5038
30,1,11,1,3175
30,4,2,3,6972
30,11,4,1,2639
30,6,7,10,5688
30,1,5,1,5369
30,6,5,1,2604
30,9,5,10,3525
30,2,10,1,4405
30,10,3,1,2805
30,2,11,7,5803
30,7,2,3,3937
30,3,8,1,5937
30,12,4,3,9522
30,1,2,3,7037
30,10,4,1,3506
30,12,7,6,6840
30,7,11,2,2787
30,8,1,0,2586
30,7,1,6,3239
30,3,9,0,4236
30,4,1,1,2724
30,7,8,0,4820
30,9,12,0,4424
30,9,11,10,2888
30,11,10,1,3709
30,11,6,2,4671
30,10,2,0,5055
30,3,11,2,3238
30,12,8,0,6254
30,5,4,2,4071
30,11,2,7,6003
30,11,13,7,3940
30,1,12,3,6571
30,3,2,7,4492
30,4,6,9,8220
30,6,3,2,3158
30,10,11,1,4071
30,11,1,0,3757
30,8,9,10,3054
30,9,3,0,3854
30,13,8,0,3737
30,9,7,0,3688
30,5,6,0,3072
30,7,9,0,2737
30,5,7,10,3454
30,6,12,0,6140
30,4,13,5,4672
30,4,11,6,5838
30,2,13,0,3788
30,6,1,1,2809
30,1,6,1,2620
30,4,8,9,6273
30,4,12,1,5786
30,2,9,0,2887
30,7,3,0,6420
30,5,12,0,3219
30,2,5,1,4788
30,9,4,0,4426
30,10,6,0,6240
